id,snapshot_id,match_id,recommendation_key,market_type,market_name,model_probability,push_probability,market_price,market_source,edge,max_buy_price,odds_decimal,odds_hong_kong,odds_american,decision_label,decision_action,elite_count,elite_current_value,elite_total_bought,payload_json,home_name,away_name,kickoff_shanghai,stage,selection_reason,prediction_key,prediction_probability,prediction_confidence,completeness_mode,completeness_score,lambda_home,lambda_away,settled,flat_profit_per_1
24549,dashboard-2026-06-12T15-58-58-892Z:schedule-760416,schedule-760416,schedule-760416-auto-handicap-away,handicap,波黑 受让 0.5 球,0.5488571041671201,0.0,0.53,本地盘口快照,0.018857104167120053,0.51385710416712,1.8867924528301885,0.8867924528301885,-112.76595744680851,观察价格,WATCH,0,0.0,0.0,{},加拿大,波黑,2026-06-12T19:00:00.000Z,modelled_group_window,latest_before_kickoff,home,0.4511427426777186,high,post_lineup,0.9071428571428571,1.31,0.94,1,0.8867924528301885
24548,dashboard-2026-06-12T15-58-58-892Z:schedule-760416,schedule-760416,schedule-760416-auto-handicap-home,handicap,加拿大 让 0.5 球,0.4511427426777186,0.0,0.43,本地盘口快照,0.021142742677718596,0.41614274267771856,2.3255813953488373,1.3255813953488373,132.55813953488374,观察价格,WATCH,0,0.0,0.0,{},加拿大,波黑,2026-06-12T19:00:00.000Z,modelled_group_window,latest_before_kickoff,home,0.4511427426777186,high,post_lineup,0.9071428571428571,1.31,0.94,0,-1.0
24552,dashboard-2026-06-12T15-58-58-892Z:schedule-760416,schedule-760416,away,moneyline,波黑胜,0.26780487405980574,,0.195,Polymarket,0.07280487405980574,0.23280487405980574,5.128205128205128,4.128205128205128,412.8205128205128,强正向信号,BUY,3,19655.460600000002,109087.4343,{},加拿大,波黑,2026-06-12T19:00:00.000Z,modelled_group_window,latest_before_kickoff,home,0.4511427426777186,high,post_lineup,0.9071428571428571,1.31,0.94,0,-1.0
24550,dashboard-2026-06-12T15-58-58-892Z:schedule-760416,schedule-760416,draw,moneyline,平局,0.28105223010731367,,0.275,Polymarket,0.00605223010731365,0.24605223010731367,3.6363636363636362,2.6363636363636362,263.6363636363636,无明确信号,NO_TRADE,3,367.16769999999997,6620.8357,{},加拿大,波黑,2026-06-12T19:00:00.000Z,modelled_group_window,latest_before_kickoff,home,0.4511427426777186,high,post_lineup,0.9071428571428571,1.31,0.94,1,2.6363636363636362
24547,dashboard-2026-06-12T15-58-58-892Z:schedule-760416,schedule-760416,home,moneyline,加拿大胜,0.4511427426777186,,0.535,Polymarket,-0.08385725732228144,0.41614274267771856,1.8691588785046729,0.8691588785046729,-115.05376344086022,回避,AVOID_OR_SELL,5,513378.66880000004,959586.2971,{},加拿大,波黑,2026-06-12T19:00:00.000Z,modelled_group_window,latest_before_kickoff,home,0.4511427426777186,high,post_lineup,0.9071428571428571,1.31,0.94,0,-1.0
24551,dashboard-2026-06-12T15-58-58-892Z:schedule-760416,schedule-760416,over25,total,大于 2.5 球,0.39066073300172166,,0.415,Polymarket,-0.02433926699827832,0.35566073300172163,2.4096385542168677,1.4096385542168677,140.96385542168676,无明确信号,NO_TRADE,3,2056.3635,7643.683,{},加拿大,波黑,2026-06-12T19:00:00.000Z,modelled_group_window,latest_before_kickoff,home,0.4511427426777186,high,post_lineup,0.9071428571428571,1.31,0.94,0,-1.0
24546,dashboard-2026-06-12T15-58-58-892Z:schedule-760416,schedule-760416,under25,total,小于 2.5 球,0.6093392669982783,,0.585,Polymarket,0.024339266998278375,0.5743392669982783,1.7094017094017095,0.7094017094017095,-140.96385542168673,观察价格,WATCH,3,28845.660799999998,49308.8219,{},加拿大,波黑,2026-06-12T19:00:00.000Z,modelled_group_window,latest_before_kickoff,home,0.4511427426777186,high,post_lineup,0.9071428571428571,1.31,0.94,1,0.7094017094017095
24554,dashboard-2026-06-12T15-58-58-892Z:schedule-760417,schedule-760417,schedule-760417-auto-handicap-away,handicap,巴拉圭 受让 0.5 球,0.5516729812699986,0.0,0.53,本地盘口快照,0.021672981269998615,0.5166729812699986,1.8867924528301885,0.8867924528301885,-112.76595744680851,观察价格,WATCH,0,0.0,0.0,{},美国,巴拉圭,2026-06-13T01:00:00.000Z,modelled_group_window,latest_before_kickoff,home,0.4483268762815855,medium,dynamic,0.8357142857142856,1.3,0.94,0,-1.0
24556,dashboard-2026-06-12T15-58-58-892Z:schedule-760417,schedule-760417,schedule-760417-auto-handicap-home,handicap,美国 让 0.5 球,0.4483268762815855,0.0,0.43,本地盘口快照,0.018326876281585525,0.4133268762815855,2.3255813953488373,1.3255813953488373,132.55813953488374,观察价格,WATCH,0,0.0,0.0,{},美国,巴拉圭,2026-06-13T01:00:00.000Z,modelled_group_window,latest_before_kickoff,home,0.4483268762815855,medium,dynamic,0.8357142857142856,1.3,0.94,1,1.3255813953488373
24559,dashboard-2026-06-12T15-58-58-892Z:schedule-760417,schedule-760417,away,moneyline,巴拉圭胜,0.2695497619322298,,0.235,Polymarket,0.034549761932229806,0.2345497619322298,4.25531914893617,3.25531914893617,325.53191489361706,观察价格,WATCH,3,33384.9178,212136.846,{},美国,巴拉圭,2026-06-13T01:00:00.000Z,modelled_group_window,latest_before_kickoff,home,0.4483268762815855,medium,dynamic,0.8357142857142856,1.3,0.94,0,-1.0
24558,dashboard-2026-06-12T15-58-58-892Z:schedule-760417,schedule-760417,draw,moneyline,平局,0.2821232193377686,,0.295,Polymarket,-0.012876780662231357,0.24712321933776862,3.3898305084745766,2.3898305084745766,238.98305084745763,无明确信号,NO_TRADE,4,17743.691100000004,60707.4059,{},美国,巴拉圭,2026-06-13T01:00:00.000Z,modelled_group_window,latest_before_kickoff,home,0.4483268762815855,medium,dynamic,0.8357142857142856,1.3,0.94,0,-1.0
24555,dashboard-2026-06-12T15-58-58-892Z:schedule-760417,schedule-760417,home,moneyline,美国胜,0.4483268762815855,,0.465,Polymarket,-0.016673123718414506,0.4133268762815855,2.150537634408602,1.150537634408602,115.0537634408602,无明确信号,NO_TRADE,1,5841.5757,190228.2266,{},美国,巴拉圭,2026-06-13T01:00:00.000Z,modelled_group_window,latest_before_kickoff,home,0.4483268762815855,medium,dynamic,0.8357142857142856,1.3,0.94,1,1.150537634408602
24557,dashboard-2026-06-12T15-58-58-892Z:schedule-760417,schedule-760417,over25,total,大于 2.5 球,0.3879913500245513,,0.385,Polymarket,0.002991350024551309,0.3529913500245513,2.5974025974025974,1.5974025974025974,159.74025974025975,无明确信号,NO_TRADE,2,6021.1589,42553.5181,{},美国,巴拉圭,2026-06-13T01:00:00.000Z,modelled_group_window,latest_before_kickoff,home,0.4483268762815855,medium,dynamic,0.8357142857142856,1.3,0.94,1,1.5974025974025974
24553,dashboard-2026-06-12T15-58-58-892Z:schedule-760417,schedule-760417,under25,total,小于 2.5 球,0.6120086499754487,,0.615,Polymarket,-0.002991350024551309,0.5770086499754487,1.6260162601626016,0.6260162601626016,-159.74025974025975,无明确信号,NO_TRADE,2,3273.1851,5322.2523,{},美国,巴拉圭,2026-06-13T01:00:00.000Z,modelled_group_window,latest_before_kickoff,home,0.4483268762815855,medium,dynamic,0.8357142857142856,1.3,0.94,0,-1.0
52602,dashboard-2026-06-14T00-56-02-473Z:schedule-760418,schedule-760418,schedule-760418-auto-handicap-away,handicap,苏格兰 受让 0.5 球,0.6871741050913974,0.0,0.66,本地盘口快照,0.027174105091397394,0.6521741050913974,1.5151515151515151,0.5151515151515151,-194.11764705882354,观察价格,WATCH,0,0.0,0.0,{},海地,苏格兰,2026-06-14T01:00:00.000Z,modelled_group_window,latest_before_kickoff,away,0.3938962834601552,low,baseline,0.5357142857142857,1.0,1.16,1,0.5151515151515151
52608,dashboard-2026-06-14T00-56-02-473Z:schedule-760418,schedule-760418,schedule-760418-auto-handicap-home,handicap,海地 让 0.5 球,0.3128258404098065,0.0,0.3,本地盘口快照,0.0128258404098065,0.2778258404098065,3.3333333333333335,2.3333333333333335,233.33333333333334,无明确信号,NO_TRADE,0,0.0,0.0,{},海地,苏格兰,2026-06-14T01:00:00.000Z,modelled_group_window,latest_before_kickoff,away,0.3938962834601552,low,baseline,0.5357142857142857,1.0,1.16,0,-1.0
52605,dashboard-2026-06-14T00-56-02-473Z:schedule-760418,schedule-760418,away,moneyline,苏格兰胜,0.3938962834601552,,0.625,Polymarket,-0.2311037165398448,0.35889628346015523,1.6,0.6000000000000001,-166.66666666666666,回避,AVOID_OR_SELL,9,1883715.91,3912423.1137,{},海地,苏格兰,2026-06-14T01:00:00.000Z,modelled_group_window,latest_before_kickoff,away,0.3938962834601552,low,baseline,0.5357142857142857,1.0,1.16,1,0.6000000000000001
52606,dashboard-2026-06-14T00-56-02-473Z:schedule-760418,schedule-760418,draw,moneyline,平局,0.29327782163124183,,0.215,Polymarket,0.07827782163124183,0.2582778216312418,4.651162790697675,3.6511627906976747,365.1162790697675,基线观察,WATCH,2,301.2267,1408.085,{},海地,苏格兰,2026-06-14T01:00:00.000Z,modelled_group_window,latest_before_kickoff,away,0.3938962834601552,low,baseline,0.5357142857142857,1.0,1.16,0,-1.0
52607,dashboard-2026-06-14T00-56-02-473Z:schedule-760418,schedule-760418,home,moneyline,海地胜,0.31282584040980654,,0.155,Polymarket,0.15782584040980654,0.2778258404098065,6.451612903225807,5.451612903225807,545.1612903225806,基线观察,WATCH,5,20480.034900000002,147244.37949999998,{},海地,苏格兰,2026-06-14T01:00:00.000Z,modelled_group_window,latest_before_kickoff,away,0.3938962834601552,low,baseline,0.5357142857142857,1.0,1.16,0,-1.0
52604,dashboard-2026-06-14T00-56-02-473Z:schedule-760418,schedule-760418,over25,total,大于 2.5 球,0.36654217516213006,,0.575,Polymarket,-0.2084578248378699,0.33154217516213,1.7391304347826089,0.7391304347826089,-135.29411764705878,回避,AVOID_OR_SELL,2,1545.7954,2688.3397,{},海地,苏格兰,2026-06-14T01:00:00.000Z,modelled_group_window,latest_before_kickoff,away,0.3938962834601552,low,baseline,0.5357142857142857,1.0,1.16,0,-1.0
52603,dashboard-2026-06-14T00-56-02-473Z:schedule-760418,schedule-760418,under25,total,小于 2.5 球,0.6334578248378699,,0.425,Polymarket,0.20845782483786995,0.5984578248378699,2.3529411764705883,1.3529411764705883,135.2941176470588,基线观察,WATCH,2,233.77280000000002,807.8838,{},海地,苏格兰,2026-06-14T01:00:00.000Z,modelled_group_window,latest_before_kickoff,away,0.3938962834601552,low,baseline,0.5357142857142857,1.0,1.16,1,1.3529411764705883
50498,dashboard-2026-06-13T21-45-03-576Z:schedule-760419,schedule-760419,schedule-760419-auto-handicap-away,handicap,摩洛哥 受让 0.5 球,0.5387187550235634,0.0,0.52,本地盘口快照,0.01871875502356335,0.5037187550235633,1.923076923076923,0.9230769230769229,-108.33333333333334,观察价格,WATCH,0,0.0,0.0,{},巴西,摩洛哥,2026-06-13T22:00:00.000Z,modelled_group_window,latest_before_kickoff,home,0.46128108188832445,low,baseline,0.5357142857142857,1.32,0.91,1,0.9230769230769229
50497,dashboard-2026-06-13T21-45-03-576Z:schedule-760419,schedule-760419,schedule-760419-auto-handicap-home,handicap,巴西 让 0.5 球,0.46128108188832445,0.0,0.44,本地盘口快照,0.02128108188832445,0.4262810818883245,2.272727272727273,1.272727272727273,127.2727272727273,观察价格,WATCH,0,0.0,0.0,{},巴西,摩洛哥,2026-06-13T22:00:00.000Z,modelled_group_window,latest_before_kickoff,home,0.46128108188832445,low,baseline,0.5357142857142857,1.32,0.91,0,-1.0
50501,dashboard-2026-06-13T21-45-03-576Z:schedule-760419,schedule-760419,away,moneyline,摩洛哥胜,0.25765465060997017,,0.165,Polymarket,0.09265465060997016,0.22265465060997017,6.0606060606060606,5.0606060606060606,506.06060606060606,基线观察,WATCH,3,18404.6865,120127.0652,{},巴西,摩洛哥,2026-06-13T22:00:00.000Z,modelled_group_window,latest_before_kickoff,home,0.46128108188832445,low,baseline,0.5357142857142857,1.32,0.91,0,-1.0
50500,dashboard-2026-06-13T21-45-03-576Z:schedule-760419,schedule-760419,draw,moneyline,平局,0.2810641044135936,,0.255,Polymarket,0.02606410441359358,0.24606410441359358,3.9215686274509802,2.9215686274509802,292.156862745098,观察价格,WATCH,3,7630.4562000000005,30011.8082,{},巴西,摩洛哥,2026-06-13T22:00:00.000Z,modelled_group_window,latest_before_kickoff,home,0.46128108188832445,low,baseline,0.5357142857142857,1.32,0.91,1,2.9215686274509802
50496,dashboard-2026-06-13T21-45-03-576Z:schedule-760419,schedule-760419,home,moneyline,巴西胜,0.46128108188832445,,0.585,Polymarket,-0.12371891811167551,0.4262810818883245,1.7094017094017095,0.7094017094017095,-140.96385542168673,回避,AVOID_OR_SELL,3,226503.9037,387161.84160000004,{},巴西,摩洛哥,2026-06-13T22:00:00.000Z,modelled_group_window,latest_before_kickoff,home,0.46128108188832445,low,baseline,0.5357142857142857,1.32,0.91,0,-1.0
50499,dashboard-2026-06-13T21-45-03-576Z:schedule-760419,schedule-760419,over25,total,大于 2.5 球,0.3853191055502351,,0.435,Polymarket,-0.04968089444976492,0.35031910555023504,2.2988505747126435,1.2988505747126435,129.88505747126436,回避,AVOID_OR_SELL,2,23031.4201,209870.5357,{},巴西,摩洛哥,2026-06-13T22:00:00.000Z,modelled_group_window,latest_before_kickoff,home,0.46128108188832445,low,baseline,0.5357142857142857,1.32,0.91,0,-1.0
50495,dashboard-2026-06-13T21-45-03-576Z:schedule-760419,schedule-760419,under25,total,小于 2.5 球,0.6146808944497649,,0.565,Polymarket,0.04968089444976498,0.5796808944497649,1.7699115044247788,0.7699115044247788,-129.88505747126433,基线观察,WATCH,6,84569.3126,149872.93640000004,{},巴西,摩洛哥,2026-06-13T22:00:00.000Z,modelled_group_window,latest_before_kickoff,home,0.46128108188832445,low,baseline,0.5357142857142857,1.32,0.91,1,0.7699115044247788
49515,dashboard-2026-06-13T18-48-16-640Z:schedule-760420,schedule-760420,schedule-760420-auto-handicap-away,handicap,瑞士 受让 0.5 球,0.6871741050913974,0.0,0.66,本地盘口快照,0.027174105091397394,0.6521741050913974,1.5151515151515151,0.5151515151515151,-194.11764705882354,观察价格,WATCH,0,0.0,0.0,{},卡塔尔,瑞士,2026-06-13T19:00:00.000Z,modelled_group_window,latest_before_kickoff,away,0.3938962834601552,low,baseline,0.5357142857142857,1.0,1.16,1,0.5151515151515151
49521,dashboard-2026-06-13T18-48-16-640Z:schedule-760420,schedule-760420,schedule-760420-auto-handicap-home,handicap,卡塔尔 让 0.5 球,0.3128258404098065,0.0,0.3,本地盘口快照,0.0128258404098065,0.2778258404098065,3.3333333333333335,2.3333333333333335,233.33333333333334,无明确信号,NO_TRADE,0,0.0,0.0,{},卡塔尔,瑞士,2026-06-13T19:00:00.000Z,modelled_group_window,latest_before_kickoff,away,0.3938962834601552,low,baseline,0.5357142857142857,1.0,1.16,0,-1.0
49518,dashboard-2026-06-13T18-48-16-640Z:schedule-760420,schedule-760420,away,moneyline,瑞士胜,0.3938962834601552,,0.825,Polymarket,-0.43110371653984475,0.35889628346015523,1.2121212121212122,0.21212121212121215,-471.42857142857133,回避,AVOID_OR_SELL,2,341223.1765,414129.0804,{},卡塔尔,瑞士,2026-06-13T19:00:00.000Z,modelled_group_window,latest_before_kickoff,away,0.3938962834601552,low,baseline,0.5357142857142857,1.0,1.16,0,-1.0
49519,dashboard-2026-06-13T18-48-16-640Z:schedule-760420,schedule-760420,draw,moneyline,平局,0.29327782163124183,,0.115,Polymarket,0.17827782163124184,0.2582778216312418,8.695652173913043,7.695652173913043,769.5652173913043,基线观察,WATCH,0,0.0,0.0,{},卡塔尔,瑞士,2026-06-13T19:00:00.000Z,modelled_group_window,latest_before_kickoff,away,0.3938962834601552,low,baseline,0.5357142857142857,1.0,1.16,1,7.695652173913043
49520,dashboard-2026-06-13T18-48-16-640Z:schedule-760420,schedule-760420,home,moneyline,卡塔尔胜,0.31282584040980654,,0.0585,Polymarket,0.25432584040980655,0.2778258404098065,17.094017094017094,16.094017094017094,1609.4017094017095,基线观察,WATCH,5,16340.030899999998,282244.5468,{},卡塔尔,瑞士,2026-06-13T19:00:00.000Z,modelled_group_window,latest_before_kickoff,away,0.3938962834601552,low,baseline,0.5357142857142857,1.0,1.16,0,-1.0
49517,dashboard-2026-06-13T18-48-16-640Z:schedule-760420,schedule-760420,over25,total,大于 2.5 球,0.36654217516213006,,0.35,本地盘口快照,0.01654217516213008,0.33154217516213,2.857142857142857,1.8571428571428572,185.71428571428572,观察价格,WATCH,0,0.0,0.0,{},卡塔尔,瑞士,2026-06-13T19:00:00.000Z,modelled_group_window,latest_before_kickoff,away,0.3938962834601552,low,baseline,0.5357142857142857,1.0,1.16,0,-1.0
49516,dashboard-2026-06-13T18-48-16-640Z:schedule-760420,schedule-760420,under25,total,小于 2.5 球,0.6334578248378699,,0.61,本地盘口快照,0.023457824837869956,0.5984578248378699,1.639344262295082,0.639344262295082,-156.4102564102564,观察价格,WATCH,0,0.0,0.0,{},卡塔尔,瑞士,2026-06-13T19:00:00.000Z,modelled_group_window,latest_before_kickoff,away,0.3938962834601552,low,baseline,0.5357142857142857,1.0,1.16,1,0.639344262295082
54576,dashboard-2026-06-14T03-51-53-669Z:schedule-760421,schedule-760421,schedule-760421-auto-handicap-away,handicap,土耳其 受让 0.5 球,0.6180386346431856,0.0,0.59,本地盘口快照,0.028038634643185678,0.5830386346431856,1.6949152542372883,0.6949152542372883,-143.90243902439022,观察价格,WATCH,0,0.0,0.0,{},澳大利亚,土耳其,2026-06-14T04:00:00.000Z,modelled_group_window,latest_before_kickoff,home,0.38196130965972536,high,post_lineup,0.9071428571428571,1.15,1.04,0,-1.0
54580,dashboard-2026-06-14T03-51-53-669Z:schedule-760421,schedule-760421,schedule-760421-auto-handicap-home,handicap,澳大利亚 让 0.5 球,0.3819613096597254,0.0,0.37,本地盘口快照,0.011961309659725416,0.3469613096597254,2.7027027027027026,1.7027027027027026,170.27027027027026,无明确信号,NO_TRADE,0,0.0,0.0,{},澳大利亚,土耳其,2026-06-14T04:00:00.000Z,modelled_group_window,latest_before_kickoff,home,0.38196130965972536,high,post_lineup,0.9071428571428571,1.15,1.04,1,1.7027027027027026
54578,dashboard-2026-06-14T03-51-53-669Z:schedule-760421,schedule-760421,away,moneyline,土耳其胜,0.326511893248255,,0.565,Polymarket,-0.23848810675174492,0.291511893248255,1.7699115044247788,0.7699115044247788,-129.88505747126433,回避,AVOID_OR_SELL,10,1288845.5487999998,2281546.3783,{},澳大利亚,土耳其,2026-06-14T04:00:00.000Z,modelled_group_window,latest_before_kickoff,home,0.38196130965972536,high,post_lineup,0.9071428571428571,1.15,1.04,0,-1.0
54582,dashboard-2026-06-14T03-51-53-669Z:schedule-760421,schedule-760421,draw,moneyline,平局,0.29152674139493073,,0.265,Polymarket,0.02652674139493072,0.2565267413949307,3.773584905660377,2.773584905660377,277.35849056603774,观察价格,WATCH,2,1202.9171,4759.4800000000005,{},澳大利亚,土耳其,2026-06-14T04:00:00.000Z,modelled_group_window,latest_before_kickoff,home,0.38196130965972536,high,post_lineup,0.9071428571428571,1.15,1.04,0,-1.0
54581,dashboard-2026-06-14T03-51-53-669Z:schedule-760421,schedule-760421,home,moneyline,澳大利亚胜,0.38196130965972536,,0.175,Polymarket,0.20696130965972537,0.3469613096597254,5.714285714285714,4.714285714285714,471.42857142857144,强正向信号,BUY,3,8219.784599999999,51342.1759,{},澳大利亚,土耳其,2026-06-14T04:00:00.000Z,modelled_group_window,latest_before_kickoff,home,0.38196130965972536,high,post_lineup,0.9071428571428571,1.15,1.04,1,4.714285714285714
54579,dashboard-2026-06-14T03-51-53-669Z:schedule-760421,schedule-760421,over25,total,大于 2.5 球,0.3746036128889352,,0.455,Polymarket,-0.08039638711106484,0.33960361288893515,2.1978021978021975,1.1978021978021975,119.78021978021977,回避,AVOID_OR_SELL,2,25116.5213,55201.1458,{},澳大利亚,土耳其,2026-06-14T04:00:00.000Z,modelled_group_window,latest_before_kickoff,home,0.38196130965972536,high,post_lineup,0.9071428571428571,1.15,1.04,0,-1.0
54577,dashboard-2026-06-14T03-51-53-669Z:schedule-760421,schedule-760421,under25,total,小于 2.5 球,0.6253963871110648,,0.545,Polymarket,0.08039638711106478,0.5903963871110648,1.8348623853211008,0.8348623853211008,-119.78021978021981,强正向信号,BUY,4,77465.0369,142137.6825,{},澳大利亚,土耳其,2026-06-14T04:00:00.000Z,modelled_group_window,latest_before_kickoff,home,0.38196130965972536,high,post_lineup,0.9071428571428571,1.15,1.04,1,0.8348623853211008
67732,dashboard-2026-06-14T16-58-03-243Z:schedule-760422,schedule-760422,schedule-760422-auto-handicap-away,handicap,库拉索 受让 0.5 球,0.4487227682900866,0.0,0.43,本地盘口快照,0.018722768290086622,0.4137227682900866,2.3255813953488373,1.3255813953488373,132.55813953488374,观察价格,WATCH,0,0.0,0.0,{},德国,库拉索,2026-06-14T17:00:00.000Z,modelled_group_window,latest_before_kickoff,home,0.5512766428671202,low,baseline,0.5357142857142857,1.51,0.76,0,-1.0
67731,dashboard-2026-06-14T16-58-03-243Z:schedule-760422,schedule-760422,schedule-760422-auto-handicap-home,handicap,德国 让 0.5 球,0.5512766428671202,0.0,0.53,本地盘口快照,0.021276642867120166,0.5162766428671202,1.8867924528301885,0.8867924528301885,-112.76595744680851,观察价格,WATCH,0,0.0,0.0,{},德国,库拉索,2026-06-14T17:00:00.000Z,modelled_group_window,latest_before_kickoff,home,0.5512766428671202,low,baseline,0.5357142857142857,1.51,0.76,1,0.8867924528301885
67735,dashboard-2026-06-14T16-58-03-243Z:schedule-760422,schedule-760422,away,moneyline,库拉索胜,0.18817121082178417,,0.0225,Polymarket,0.16567121082178418,0.15317121082178417,44.44444444444444,43.44444444444444,4344.444444444444,基线观察,WATCH,4,11388.0794,637879.5028,{},德国,库拉索,2026-06-14T17:00:00.000Z,modelled_group_window,latest_before_kickoff,home,0.5512766428671202,low,baseline,0.5357142857142857,1.51,0.76,0,-1.0
67734,dashboard-2026-06-14T16-58-03-243Z:schedule-760422,schedule-760422,draw,moneyline,平局,0.26055155746830244,,0.0465,Polymarket,0.21405155746830246,0.22555155746830244,21.50537634408602,20.50537634408602,2050.537634408602,基线观察,WATCH,4,502.5645999999999,13525.405100000002,{},德国,库拉索,2026-06-14T17:00:00.000Z,modelled_group_window,latest_before_kickoff,home,0.5512766428671202,low,baseline,0.5357142857142857,1.51,0.76,0,-1.0
67730,dashboard-2026-06-14T16-58-03-243Z:schedule-760422,schedule-760422,home,moneyline,德国胜,0.5512766428671202,,0.9415,Polymarket,-0.3902233571328798,0.5162766428671202,1.0621348911311737,0.06213489113117365,-1609.4017094017097,回避,AVOID_OR_SELL,1,934.6282,992.7012,{},德国,库拉索,2026-06-14T17:00:00.000Z,modelled_group_window,latest_before_kickoff,home,0.5512766428671202,low,baseline,0.5357142857142857,1.51,0.76,1,0.06213489113117365
67733,dashboard-2026-06-14T16-58-03-243Z:schedule-760422,schedule-760422,over25,total,大于 2.5 球,0.3959905047531589,,0.38,本地盘口快照,0.015990504753158885,0.36099050475315886,2.6315789473684212,1.6315789473684212,163.1578947368421,观察价格,WATCH,0,0.0,0.0,{},德国,库拉索,2026-06-14T17:00:00.000Z,modelled_group_window,latest_before_kickoff,home,0.5512766428671202,low,baseline,0.5357142857142857,1.51,0.76,1,1.6315789473684212
67729,dashboard-2026-06-14T16-58-03-243Z:schedule-760422,schedule-760422,under25,total,小于 2.5 球,0.6040094952468411,,0.58,本地盘口快照,0.02400949524684115,0.5690094952468411,1.7241379310344829,0.7241379310344829,-138.09523809523807,观察价格,WATCH,0,0.0,0.0,{},德国,库拉索,2026-06-14T17:00:00.000Z,modelled_group_window,latest_before_kickoff,home,0.5512766428671202,low,baseline,0.5357142857142857,1.51,0.76,0,-1.0
69948,dashboard-2026-06-14T22-50-03-484Z:schedule-760423,schedule-760423,schedule-760423-auto-handicap-away,handicap,厄瓜多尔 受让 0.5 球,0.6180386346431856,0.0,0.59,本地盘口快照,0.028038634643185678,0.5830386346431856,1.6949152542372883,0.6949152542372883,-143.90243902439022,观察价格,WATCH,0,0.0,0.0,{},科特迪瓦,厄瓜多尔,2026-06-14T23:00:00.000Z,modelled_group_window,latest_before_kickoff,home,0.38196130965972536,low,baseline,0.5357142857142857,1.15,1.04,0,-1.0
69952,dashboard-2026-06-14T22-50-03-484Z:schedule-760423,schedule-760423,schedule-760423-auto-handicap-home,handicap,科特迪瓦 让 0.5 球,0.3819613096597254,0.0,0.37,本地盘口快照,0.011961309659725416,0.3469613096597254,2.7027027027027026,1.7027027027027026,170.27027027027026,无明确信号,NO_TRADE,0,0.0,0.0,{},科特迪瓦,厄瓜多尔,2026-06-14T23:00:00.000Z,modelled_group_window,latest_before_kickoff,home,0.38196130965972536,low,baseline,0.5357142857142857,1.15,1.04,1,1.7027027027027026
69950,dashboard-2026-06-14T22-50-03-484Z:schedule-760423,schedule-760423,away,moneyline,厄瓜多尔胜,0.326511893248255,,0.385,Polymarket,-0.058488106751744984,0.291511893248255,2.5974025974025974,1.5974025974025974,159.74025974025975,回避,AVOID_OR_SELL,6,174433.41360000003,490815.4967000001,{},科特迪瓦,厄瓜多尔,2026-06-14T23:00:00.000Z,modelled_group_window,latest_before_kickoff,home,0.38196130965972536,low,baseline,0.5357142857142857,1.15,1.04,0,-1.0
69954,dashboard-2026-06-14T22-50-03-484Z:schedule-760423,schedule-760423,draw,moneyline,平局,0.29152674139493073,,0.325,Polymarket,-0.03347325860506928,0.2565267413949307,3.0769230769230766,2.0769230769230766,207.69230769230768,无明确信号,NO_TRADE,2,16206.0998,160470.8025,{},科特迪瓦,厄瓜多尔,2026-06-14T23:00:00.000Z,modelled_group_window,latest_before_kickoff,home,0.38196130965972536,low,baseline,0.5357142857142857,1.15,1.04,0,-1.0
69953,dashboard-2026-06-14T22-50-03-484Z:schedule-760423,schedule-760423,home,moneyline,科特迪瓦胜,0.38196130965972536,,0.285,Polymarket,0.09696130965972538,0.3469613096597254,3.5087719298245617,2.5087719298245617,250.87719298245622,基线观察,WATCH,4,29671.1461,161613.4382,{},科特迪瓦,厄瓜多尔,2026-06-14T23:00:00.000Z,modelled_group_window,latest_before_kickoff,home,0.38196130965972536,low,baseline,0.5357142857142857,1.15,1.04,1,2.5087719298245617
69951,dashboard-2026-06-14T22-50-03-484Z:schedule-760423,schedule-760423,over25,total,大于 2.5 球,0.3746036128889352,,0.325,Polymarket,0.04960361288893517,0.33960361288893515,3.0769230769230766,2.0769230769230766,207.69230769230768,基线观察,WATCH,4,31119.0475,117843.6073,{},科特迪瓦,厄瓜多尔,2026-06-14T23:00:00.000Z,modelled_group_window,latest_before_kickoff,home,0.38196130965972536,low,baseline,0.5357142857142857,1.15,1.04,0,-1.0
69949,dashboard-2026-06-14T22-50-03-484Z:schedule-760423,schedule-760423,under25,total,小于 2.5 球,0.6253963871110648,,0.675,Polymarket,-0.04960361288893522,0.5903963871110648,1.4814814814814814,0.4814814814814814,-207.6923076923077,回避,AVOID_OR_SELL,0,0.0,0.0,{},科特迪瓦,厄瓜多尔,2026-06-14T23:00:00.000Z,modelled_group_window,latest_before_kickoff,home,0.38196130965972536,low,baseline,0.5357142857142857,1.15,1.04,1,0.4814814814814814
71810,dashboard-2026-06-15T01-55-38-959Z:schedule-760424,schedule-760424,schedule-760424-auto-handicap-away,handicap,突尼斯 受让 0.5 球,0.58402842444186,0.0,0.56,本地盘口快照,0.02402842444185993,0.54902842444186,1.7857142857142856,0.7857142857142856,-127.27272727272731,观察价格,WATCH,0,0.0,0.0,{},瑞典,突尼斯,2026-06-15T02:00:00.000Z,modelled_group_window,latest_before_kickoff,home,0.4159714940634093,low,baseline,0.5357142857142857,1.22,0.98,0,-1.0
71814,dashboard-2026-06-15T01-55-38-959Z:schedule-760424,schedule-760424,schedule-760424-auto-handicap-home,handicap,瑞典 让 0.5 球,0.4159714940634093,0.0,0.4,本地盘口快照,0.015971494063409253,0.38097149406340924,2.5,1.5,150.0,观察价格,WATCH,0,0.0,0.0,{},瑞典,突尼斯,2026-06-15T02:00:00.000Z,modelled_group_window,latest_before_kickoff,home,0.4159714940634093,low,baseline,0.5357142857142857,1.22,0.98,1,1.5
71815,dashboard-2026-06-15T01-55-38-959Z:schedule-760424,schedule-760424,away,moneyline,突尼斯胜,0.2954790839718807,,0.205,Polymarket,0.09047908397188073,0.2604790839718807,4.878048780487805,3.8780487804878048,387.8048780487805,基线观察,WATCH,4,45538.5685,229277.3025,{},瑞典,突尼斯,2026-06-15T02:00:00.000Z,modelled_group_window,latest_before_kickoff,home,0.4159714940634093,low,baseline,0.5357142857142857,1.22,0.98,0,-1.0
71816,dashboard-2026-06-15T01-55-38-959Z:schedule-760424,schedule-760424,draw,moneyline,平局,0.28854934046997904,,0.285,Polymarket,0.0035493404699790676,0.253549340469979,3.5087719298245617,2.5087719298245617,250.87719298245622,无明确信号,NO_TRADE,3,5320.9853,18676.6775,{},瑞典,突尼斯,2026-06-15T02:00:00.000Z,modelled_group_window,latest_before_kickoff,home,0.4159714940634093,low,baseline,0.5357142857142857,1.22,0.98,0,-1.0
71813,dashboard-2026-06-15T01-55-38-959Z:schedule-760424,schedule-760424,home,moneyline,瑞典胜,0.4159714940634093,,0.505,Polymarket,-0.08902850593659073,0.38097149406340924,1.9801980198019802,0.9801980198019802,-102.02020202020202,回避,AVOID_OR_SELL,0,0.0,0.0,{},瑞典,突尼斯,2026-06-15T02:00:00.000Z,modelled_group_window,latest_before_kickoff,home,0.4159714940634093,low,baseline,0.5357142857142857,1.22,0.98,1,0.9801980198019802
71812,dashboard-2026-06-15T01-55-38-959Z:schedule-760424,schedule-760424,over25,total,大于 2.5 球,0.37728625000368354,,0.435,Polymarket,-0.057713749996316455,0.3422862500036835,2.2988505747126435,1.2988505747126435,129.88505747126436,回避,AVOID_OR_SELL,1,1089.4158,2504.4041,{},瑞典,突尼斯,2026-06-15T02:00:00.000Z,modelled_group_window,latest_before_kickoff,home,0.4159714940634093,low,baseline,0.5357142857142857,1.22,0.98,1,1.2988505747126435
71811,dashboard-2026-06-15T01-55-38-959Z:schedule-760424,schedule-760424,under25,total,小于 2.5 球,0.6227137499963165,,0.565,Polymarket,0.05771374999631651,0.5877137499963164,1.7699115044247788,0.7699115044247788,-129.88505747126433,基线观察,WATCH,3,94150.9121,166630.4441,{},瑞典,突尼斯,2026-06-15T02:00:00.000Z,modelled_group_window,latest_before_kickoff,home,0.4159714940634093,low,baseline,0.5357142857142857,1.22,0.98,0,-1.0
68976,dashboard-2026-06-14T19-56-03-918Z:schedule-760425,schedule-760425,schedule-760425-auto-handicap-away,handicap,日本 受让 0.5 球,0.5625870573736869,0.0,0.54,本地盘口快照,0.022587057373686825,0.5275870573736868,1.8518518518518516,0.8518518518518516,-117.3913043478261,观察价格,WATCH,0,0.0,0.0,{},荷兰,日本,2026-06-14T20:00:00.000Z,modelled_group_window,latest_before_kickoff,home,0.43741282768649725,low,baseline,0.5357142857142857,1.27,0.95,1,0.8518518518518516
68978,dashboard-2026-06-14T19-56-03-918Z:schedule-760425,schedule-760425,schedule-760425-auto-handicap-home,handicap,荷兰 让 0.5 球,0.43741282768649725,0.0,0.42,本地盘口快照,0.017412827686497268,0.4024128276864972,2.380952380952381,1.380952380952381,138.09523809523813,观察价格,WATCH,0,0.0,0.0,{},荷兰,日本,2026-06-14T20:00:00.000Z,modelled_group_window,latest_before_kickoff,home,0.43741282768649725,low,baseline,0.5357142857142857,1.27,0.95,0,-1.0
68981,dashboard-2026-06-14T19-56-03-918Z:schedule-760425,schedule-760425,away,moneyline,日本胜,0.27769916755977403,,0.245,Polymarket,0.032699167559774034,0.24269916755977403,4.081632653061225,3.0816326530612246,308.16326530612247,观察价格,WATCH,2,4572.9039,41605.5842,{},荷兰,日本,2026-06-14T20:00:00.000Z,modelled_group_window,latest_before_kickoff,home,0.43741282768649725,low,baseline,0.5357142857142857,1.27,0.95,0,-1.0
68979,dashboard-2026-06-14T19-56-03-918Z:schedule-760425,schedule-760425,draw,moneyline,平局,0.284887889813913,,0.275,Polymarket,0.009887889813912976,0.249887889813913,3.6363636363636362,2.6363636363636362,263.6363636363636,无明确信号,NO_TRADE,3,762.9546000000001,2774.5196,{},荷兰,日本,2026-06-14T20:00:00.000Z,modelled_group_window,latest_before_kickoff,home,0.43741282768649725,low,baseline,0.5357142857142857,1.27,0.95,1,2.6363636363636362
68977,dashboard-2026-06-14T19-56-03-918Z:schedule-760425,schedule-760425,home,moneyline,荷兰胜,0.43741282768649725,,0.485,Polymarket,-0.047587172313502735,0.4024128276864972,2.061855670103093,1.061855670103093,106.18556701030928,回避,AVOID_OR_SELL,7,652208.8790000001,1698756.2695000002,{},荷兰,日本,2026-06-14T20:00:00.000Z,modelled_group_window,latest_before_kickoff,home,0.43741282768649725,low,baseline,0.5357142857142857,1.27,0.95,0,-1.0
68980,dashboard-2026-06-14T19-56-03-918Z:schedule-760425,schedule-760425,over25,total,大于 2.5 球,0.3826441036171738,,0.37,本地盘口快照,0.01264410361717383,0.3476441036171738,2.7027027027027026,1.7027027027027026,170.27027027027026,无明确信号,NO_TRADE,0,0.0,0.0,{},荷兰,日本,2026-06-14T20:00:00.000Z,modelled_group_window,latest_before_kickoff,home,0.43741282768649725,low,baseline,0.5357142857142857,1.27,0.95,1,1.7027027027027026
68975,dashboard-2026-06-14T19-56-03-918Z:schedule-760425,schedule-760425,under25,total,小于 2.5 球,0.6173558963828262,,0.59,本地盘口快照,0.027355896382826206,0.5823558963828261,1.6949152542372883,0.6949152542372883,-143.90243902439022,观察价格,WATCH,0,0.0,0.0,{},荷兰,日本,2026-06-14T20:00:00.000Z,modelled_group_window,latest_before_kickoff,home,0.43741282768649725,low,baseline,0.5357142857142857,1.27,0.95,0,-1.0
80176,dashboard-2026-06-15T18-54-38-304Z:schedule-760426,schedule-760426,schedule-760426-auto-handicap-away,handicap,埃及 受让 0.5 球,0.5468101997979224,0.0,0.52,本地盘口快照,0.02681019979792243,0.5118101997979224,1.923076923076923,0.9230769230769229,-108.33333333333334,观察价格,WATCH,0,0.0,0.0,{},比利时,埃及,2026-06-15T19:00:00.000Z,modelled_group_window,latest_before_kickoff,home,0.4531896588075801,high,post_lineup,0.9071428571428571,1.3,0.92,1,0.9230769230769229
80179,dashboard-2026-06-15T18-54-38-304Z:schedule-760426,schedule-760426,schedule-760426-auto-handicap-home,handicap,比利时 让 0.5 球,0.4531896588075801,0.0,0.44,本地盘口快照,0.013189658807580107,0.4181896588075801,2.272727272727273,1.272727272727273,127.2727272727273,无明确信号,NO_TRADE,0,0.0,0.0,{},比利时,埃及,2026-06-15T19:00:00.000Z,modelled_group_window,latest_before_kickoff,home,0.4531896588075801,high,post_lineup,0.9071428571428571,1.3,0.92,0,-1.0
80177,dashboard-2026-06-15T18-54-38-304Z:schedule-760426,schedule-760426,away,moneyline,埃及胜,0.2638993757012607,,0.135,Polymarket,0.1288993757012607,0.2288993757012607,7.4074074074074066,6.4074074074074066,640.7407407407406,强正向信号,BUY,1,109.6875,812.5,{},比利时,埃及,2026-06-15T19:00:00.000Z,modelled_group_window,latest_before_kickoff,home,0.4531896588075801,high,post_lineup,0.9071428571428571,1.3,0.92,0,-1.0
80180,dashboard-2026-06-15T18-54-38-304Z:schedule-760426,schedule-760426,draw,moneyline,平局,0.2829108240966614,,0.215,Polymarket,0.06791082409666141,0.2479108240966614,4.651162790697675,3.6511627906976747,365.1162790697675,强正向信号,BUY,0,0.0,0.0,{},比利时,埃及,2026-06-15T19:00:00.000Z,modelled_group_window,latest_before_kickoff,home,0.4531896588075801,high,post_lineup,0.9071428571428571,1.3,0.92,1,3.6511627906976747
80178,dashboard-2026-06-15T18-54-38-304Z:schedule-760426,schedule-760426,home,moneyline,比利时胜,0.4531896588075801,,0.655,Polymarket,-0.20181034119241992,0.4181896588075801,1.5267175572519083,0.5267175572519083,-189.85507246376812,回避,AVOID_OR_SELL,2,622249.9251,949999.8856,{},比利时,埃及,2026-06-15T19:00:00.000Z,modelled_group_window,latest_before_kickoff,home,0.4531896588075801,high,post_lineup,0.9071428571428571,1.3,0.92,0,-1.0
80181,dashboard-2026-06-15T18-54-38-304Z:schedule-760426,schedule-760426,over25,total,大于 2.5 球,0.3826441036171738,,0.495,Polymarket,-0.11235589638282617,0.3476441036171738,2.0202020202020203,1.0202020202020203,102.02020202020202,回避,AVOID_OR_SELL,3,5461.1153,16904.3932,{},比利时,埃及,2026-06-15T19:00:00.000Z,modelled_group_window,latest_before_kickoff,home,0.4531896588075801,high,post_lineup,0.9071428571428571,1.3,0.92,0,-1.0
80175,dashboard-2026-06-15T18-54-38-304Z:schedule-760426,schedule-760426,under25,total,小于 2.5 球,0.6173558963828262,,0.505,Polymarket,0.11235589638282617,0.5823558963828261,1.9801980198019802,0.9801980198019802,-102.02020202020202,强正向信号,BUY,0,0.0,0.0,{},比利时,埃及,2026-06-15T19:00:00.000Z,modelled_group_window,latest_before_kickoff,home,0.4531896588075801,high,post_lineup,0.9071428571428571,1.3,0.92,1,0.9801980198019802
82542,dashboard-2026-06-16T00-55-20-811Z:schedule-760427,schedule-760427,schedule-760427-auto-handicap-away,handicap,新西兰 受让 0.5 球,0.5200970162634531,0.0,0.5,本地盘口快照,0.02009701626345306,0.48509701626345303,2.0,1.0,-100.0,观察价格,WATCH,0,0.0,0.0,{},伊朗,新西兰,2026-06-16T01:00:00.000Z,modelled_group_window,latest_before_kickoff,home,0.479902767760831,medium,dynamic,0.8142857142857143,1.36,0.88,1,1.0
82544,dashboard-2026-06-16T00-55-20-811Z:schedule-760427,schedule-760427,schedule-760427-auto-handicap-home,handicap,伊朗 让 0.5 球,0.479902767760831,0.0,0.46,本地盘口快照,0.019902767760830997,0.44490276776083104,2.1739130434782608,1.1739130434782608,117.39130434782608,观察价格,WATCH,0,0.0,0.0,{},伊朗,新西兰,2026-06-16T01:00:00.000Z,modelled_group_window,latest_before_kickoff,home,0.479902767760831,medium,dynamic,0.8142857142857143,1.36,0.88,0,-1.0
82546,dashboard-2026-06-16T00-55-20-811Z:schedule-760427,schedule-760427,away,moneyline,新西兰胜,0.24264085354030618,,0.195,Polymarket,0.04764085354030617,0.20764085354030618,5.128205128205128,4.128205128205128,412.8205128205128,低置信观察,WATCH,2,480.0664,2461.8796,{},伊朗,新西兰,2026-06-16T01:00:00.000Z,modelled_group_window,latest_before_kickoff,home,0.479902767760831,medium,dynamic,0.8142857142857143,1.36,0.88,0,-1.0
82547,dashboard-2026-06-16T00-55-20-811Z:schedule-760427,schedule-760427,draw,moneyline,平局,0.2774561627231469,,0.285,Polymarket,-0.007543837276853094,0.24245616272314688,3.5087719298245617,2.5087719298245617,250.87719298245622,无明确信号,NO_TRADE,3,15398.0593,131682.06650000002,{},伊朗,新西兰,2026-06-16T01:00:00.000Z,modelled_group_window,latest_before_kickoff,home,0.479902767760831,medium,dynamic,0.8142857142857143,1.36,0.88,1,2.5087719298245617
82543,dashboard-2026-06-16T00-55-20-811Z:schedule-760427,schedule-760427,home,moneyline,伊朗胜,0.479902767760831,,0.525,Polymarket,-0.045097232239169005,0.44490276776083104,1.9047619047619047,0.9047619047619047,-110.52631578947368,回避,AVOID_OR_SELL,8,1858371.7179999996,3581135.3236000002,{},伊朗,新西兰,2026-06-16T01:00:00.000Z,modelled_group_window,latest_before_kickoff,home,0.479902767760831,medium,dynamic,0.8142857142857143,1.36,0.88,0,-1.0
82545,dashboard-2026-06-16T00-55-20-811Z:schedule-760427,schedule-760427,over25,total,大于 2.5 球,0.3879913500245513,,0.385,Polymarket,0.002991350024551309,0.3529913500245513,2.5974025974025974,1.5974025974025974,159.74025974025975,无明确信号,NO_TRADE,0,0.0,0.0,{},伊朗,新西兰,2026-06-16T01:00:00.000Z,modelled_group_window,latest_before_kickoff,home,0.479902767760831,medium,dynamic,0.8142857142857143,1.36,0.88,1,1.5974025974025974
82541,dashboard-2026-06-16T00-55-20-811Z:schedule-760427,schedule-760427,under25,total,小于 2.5 球,0.6120086499754487,,0.615,Polymarket,-0.002991350024551309,0.5770086499754487,1.6260162601626016,0.6260162601626016,-159.74025974025975,无明确信号,NO_TRADE,2,17196.5152,27961.8134,{},伊朗,新西兰,2026-06-16T01:00:00.000Z,modelled_group_window,latest_before_kickoff,home,0.479902767760831,medium,dynamic,0.8142857142857143,1.36,0.88,0,-1.0
78394,dashboard-2026-06-15T15-55-39-628Z:schedule-760428,schedule-760428,schedule-760428-auto-handicap-away,handicap,佛得角 受让 0.5 球,0.45397391770717443,0.0,0.44,本地盘口快照,0.013973917707174432,0.4189739177071744,2.272727272727273,1.272727272727273,127.2727272727273,基线观察,WATCH,0,0.0,0.0,{},西班牙,佛得角,2026-06-15T16:00:00.000Z,modelled_group_window,latest_before_kickoff,home,0.5460255298405807,medium,baseline,0.6214285714285713,1.5,0.77,1,1.272727272727273
78391,dashboard-2026-06-15T15-55-39-628Z:schedule-760428,schedule-760428,schedule-760428-auto-handicap-home,handicap,西班牙 让 0.5 球,0.5460255298405807,0.0,0.52,本地盘口快照,0.026025529840580708,0.5110255298405807,1.923076923076923,0.9230769230769229,-108.33333333333334,基线观察,WATCH,0,0.0,0.0,{},西班牙,佛得角,2026-06-15T16:00:00.000Z,modelled_group_window,latest_before_kickoff,home,0.5460255298405807,medium,baseline,0.6214285714285713,1.5,0.77,0,-1.0
78395,dashboard-2026-06-15T15-55-39-628Z:schedule-760428,schedule-760428,away,moneyline,佛得角胜,0.1921247268050844,,0.18,本地盘口快照,0.012124726805084418,0.1571247268050844,5.555555555555555,4.555555555555555,455.5555555555556,基线观察,WATCH,0,0.0,0.0,{},西班牙,佛得角,2026-06-15T16:00:00.000Z,modelled_group_window,latest_before_kickoff,home,0.5460255298405807,medium,baseline,0.6214285714285713,1.5,0.77,0,-1.0
78396,dashboard-2026-06-15T15-55-39-628Z:schedule-760428,schedule-760428,draw,moneyline,平局,0.26184919090208997,,0.25,本地盘口快照,0.011849190902089968,0.22684919090208996,4.0,3.0,300.0,基线观察,WATCH,0,0.0,0.0,{},西班牙,佛得角,2026-06-15T16:00:00.000Z,modelled_group_window,latest_before_kickoff,home,0.5460255298405807,medium,baseline,0.6214285714285713,1.5,0.77,1,3.0
78390,dashboard-2026-06-15T15-55-39-628Z:schedule-760428,schedule-760428,home,moneyline,西班牙胜,0.5460255298405807,,0.52,本地盘口快照,0.026025529840580708,0.5110255298405807,1.923076923076923,0.9230769230769229,-108.33333333333334,基线观察,WATCH,0,0.0,0.0,{},西班牙,佛得角,2026-06-15T16:00:00.000Z,modelled_group_window,latest_before_kickoff,home,0.5460255298405807,medium,baseline,0.6214285714285713,1.5,0.77,0,-1.0
78393,dashboard-2026-06-15T15-55-39-628Z:schedule-760428,schedule-760428,over25,total,大于 2.5 球,0.3959905047531589,,0.38,本地盘口快照,0.015990504753158885,0.36099050475315886,2.6315789473684212,1.6315789473684212,163.1578947368421,基线观察,WATCH,0,0.0,0.0,{},西班牙,佛得角,2026-06-15T16:00:00.000Z,modelled_group_window,latest_before_kickoff,home,0.5460255298405807,medium,baseline,0.6214285714285713,1.5,0.77,0,-1.0
78392,dashboard-2026-06-15T15-55-39-628Z:schedule-760428,schedule-760428,under25,total,小于 2.5 球,0.6040094952468411,,0.58,本地盘口快照,0.02400949524684115,0.5690094952468411,1.7241379310344829,0.7241379310344829,-138.09523809523807,基线观察,WATCH,0,0.0,0.0,{},西班牙,佛得角,2026-06-15T16:00:00.000Z,modelled_group_window,latest_before_kickoff,home,0.5460255298405807,medium,baseline,0.6214285714285713,1.5,0.77,1,0.7241379310344829
81148,dashboard-2026-06-15T21-55-02-782Z:schedule-760429,schedule-760429,schedule-760429-auto-handicap-away,handicap,乌拉圭 受让 0.5 球,0.6969201172401795,0.0,0.67,本地盘口快照,0.02692011724017951,0.6619201172401795,1.4925373134328357,0.4925373134328357,-203.03030303030306,观察价格,WATCH,0,0.0,0.0,{},沙特阿拉伯,乌拉圭,2026-06-15T22:00:00.000Z,modelled_group_window,latest_before_kickoff,away,0.4043490504125925,high,post_lineup,0.9071428571428571,0.98,1.18,1,0.4925373134328357
81153,dashboard-2026-06-15T21-55-02-782Z:schedule-760429,schedule-760429,schedule-760429-auto-handicap-home,handicap,沙特阿拉伯 让 0.5 球,0.30307982188612786,0.0,0.29,本地盘口快照,0.013079821886127885,0.2680798218861279,3.4482758620689657,2.4482758620689657,244.82758620689657,无明确信号,NO_TRADE,0,0.0,0.0,{},沙特阿拉伯,乌拉圭,2026-06-15T22:00:00.000Z,modelled_group_window,latest_before_kickoff,away,0.4043490504125925,high,post_lineup,0.9071428571428571,0.98,1.18,0,-1.0
81151,dashboard-2026-06-15T21-55-02-782Z:schedule-760429,schedule-760429,away,moneyline,乌拉圭胜,0.4043490504125925,,0.655,Polymarket,-0.2506509495874075,0.3693490504125925,1.5267175572519083,0.5267175572519083,-189.85507246376812,回避,AVOID_OR_SELL,6,721939.146,1102197.1696,{},沙特阿拉伯,乌拉圭,2026-06-15T22:00:00.000Z,modelled_group_window,latest_before_kickoff,away,0.4043490504125925,high,post_lineup,0.9071428571428571,0.98,1.18,0,-1.0
81154,dashboard-2026-06-15T21-55-02-782Z:schedule-760429,schedule-760429,draw,moneyline,平局,0.2925710668275872,,0.235,Polymarket,0.057571066827587225,0.25757106682758724,4.25531914893617,3.25531914893617,325.53191489361706,正向信号,BUY_SMALL,3,13088.8858,55680.6079,{},沙特阿拉伯,乌拉圭,2026-06-15T22:00:00.000Z,modelled_group_window,latest_before_kickoff,away,0.4043490504125925,high,post_lineup,0.9071428571428571,0.98,1.18,1,3.25531914893617
81152,dashboard-2026-06-15T21-55-02-782Z:schedule-760429,schedule-760429,home,moneyline,沙特阿拉伯胜,0.30307982188612786,,0.115,Polymarket,0.18807982188612787,0.2680798218861279,8.695652173913043,7.695652173913043,769.5652173913043,强正向信号,BUY,1,1.6802,14.6107,{},沙特阿拉伯,乌拉圭,2026-06-15T22:00:00.000Z,modelled_group_window,latest_before_kickoff,away,0.4043490504125925,high,post_lineup,0.9071428571428571,0.98,1.18,0,-1.0
81150,dashboard-2026-06-15T21-55-02-782Z:schedule-760429,schedule-760429,over25,total,大于 2.5 球,0.36654217516213017,,0.35,本地盘口快照,0.01654217516213019,0.33154217516213014,2.857142857142857,1.8571428571428572,185.71428571428572,观察价格,WATCH,0,0.0,0.0,{},沙特阿拉伯,乌拉圭,2026-06-15T22:00:00.000Z,modelled_group_window,latest_before_kickoff,away,0.4043490504125925,high,post_lineup,0.9071428571428571,0.98,1.18,0,-1.0
81149,dashboard-2026-06-15T21-55-02-782Z:schedule-760429,schedule-760429,under25,total,小于 2.5 球,0.6334578248378698,,0.61,本地盘口快照,0.023457824837869845,0.5984578248378698,1.639344262295082,0.639344262295082,-156.4102564102564,观察价格,WATCH,0,0.0,0.0,{},沙特阿拉伯,乌拉圭,2026-06-15T22:00:00.000Z,modelled_group_window,latest_before_kickoff,away,0.4043490504125925,high,post_lineup,0.9071428571428571,0.98,1.18,1,0.639344262295082
91032,dashboard-2026-06-16T21-53-06-998Z:schedule-760430,schedule-760430,schedule-760430-auto-handicap-away,handicap,挪威 受让 0.5 球,0.6048182538070545,0.0,0.58,本地盘口快照,0.02481825380705449,0.5698182538070544,1.7241379310344829,0.7241379310344829,-138.09523809523807,观察价格,WATCH,0,0.0,0.0,{},伊拉克,挪威,2026-06-16T22:00:00.000Z,modelled_group_window,latest_before_kickoff,home,0.3951816812449358,high,post_lineup,0.9071428571428571,1.18,1.02,1,0.7241379310344829
91035,dashboard-2026-06-16T21-53-06-998Z:schedule-760430,schedule-760430,schedule-760430-auto-handicap-home,handicap,伊拉克 让 0.5 球,0.39518168124493586,0.0,0.38,本地盘口快照,0.015181681244935852,0.3601816812449359,2.6315789473684212,1.6315789473684212,163.1578947368421,观察价格,WATCH,0,0.0,0.0,{},伊拉克,挪威,2026-06-16T22:00:00.000Z,modelled_group_window,latest_before_kickoff,home,0.3951816812449358,high,post_lineup,0.9071428571428571,1.18,1.02,0,-1.0
91037,dashboard-2026-06-16T21-53-06-998Z:schedule-760430,schedule-760430,away,moneyline,挪威胜,0.3147332194623659,,0.795,Polymarket,-0.48026678053763416,0.27973321946236585,1.2578616352201257,0.25786163522012573,-387.80487804878055,回避,AVOID_OR_SELL,0,0.0,0.0,{},伊拉克,挪威,2026-06-16T22:00:00.000Z,modelled_group_window,latest_before_kickoff,home,0.3951816812449358,high,post_lineup,0.9071428571428571,1.18,1.02,1,0.25786163522012573
91038,dashboard-2026-06-16T21-53-06-998Z:schedule-760430,schedule-760430,draw,moneyline,平局,0.29008503434468846,,0.145,Polymarket,0.14508503434468847,0.25508503434468843,6.8965517241379315,5.8965517241379315,589.6551724137931,强正向信号,BUY,0,0.0,0.0,{},伊拉克,挪威,2026-06-16T22:00:00.000Z,modelled_group_window,latest_before_kickoff,home,0.3951816812449358,high,post_lineup,0.9071428571428571,1.18,1.02,0,-1.0
91036,dashboard-2026-06-16T21-53-06-998Z:schedule-760430,schedule-760430,home,moneyline,伊拉克胜,0.3951816812449358,,0.065,Polymarket,0.3301816812449358,0.36018168124493577,15.384615384615383,14.384615384615383,1438.4615384615383,强正向信号,BUY,1,258.8889,3982.9075,{},伊拉克,挪威,2026-06-16T22:00:00.000Z,modelled_group_window,latest_before_kickoff,home,0.3951816812449358,high,post_lineup,0.9071428571428571,1.18,1.02,0,-1.0
91034,dashboard-2026-06-16T21-53-06-998Z:schedule-760430,schedule-760430,over25,total,大于 2.5 球,0.37728625000368354,,0.595,Polymarket,-0.21771374999631643,0.3422862500036835,1.680672268907563,0.680672268907563,-146.91358024691357,回避,AVOID_OR_SELL,1,4993.7219,8392.8099,{},伊拉克,挪威,2026-06-16T22:00:00.000Z,modelled_group_window,latest_before_kickoff,home,0.3951816812449358,high,post_lineup,0.9071428571428571,1.18,1.02,1,0.680672268907563
91033,dashboard-2026-06-16T21-53-06-998Z:schedule-760430,schedule-760430,under25,total,小于 2.5 球,0.6227137499963165,,0.405,Polymarket,0.21771374999631643,0.5877137499963164,2.4691358024691357,1.4691358024691357,146.91358024691357,强正向信号,BUY,1,16613.2535,41020.3791,{},伊拉克,挪威,2026-06-16T22:00:00.000Z,modelled_group_window,latest_before_kickoff,home,0.3951816812449358,high,post_lineup,0.9071428571428571,1.18,1.02,0,-1.0
92740,dashboard-2026-06-17T03-20-43-068Z:schedule-760431,schedule-760431,schedule-760431-auto-handicap-away,handicap,约旦 受让 0.5 球,0.6048182538070545,0.0,0.58,本地盘口快照,0.02481825380705449,0.5698182538070544,1.7241379310344829,0.7241379310344829,-138.09523809523807,观察价格,WATCH,0,0.0,0.0,{},奥地利,约旦,2026-06-17T04:00:00.000Z,modelled_group_window,latest_before_kickoff,home,0.3951816812449358,medium,dynamic,0.8357142857142856,1.18,1.02,0,-1.0
92743,dashboard-2026-06-17T03-20-43-068Z:schedule-760431,schedule-760431,schedule-760431-auto-handicap-home,handicap,奥地利 让 0.5 球,0.39518168124493586,0.0,0.38,本地盘口快照,0.015181681244935852,0.3601816812449359,2.6315789473684212,1.6315789473684212,163.1578947368421,观察价格,WATCH,0,0.0,0.0,{},奥地利,约旦,2026-06-17T04:00:00.000Z,modelled_group_window,latest_before_kickoff,home,0.3951816812449358,medium,dynamic,0.8357142857142856,1.18,1.02,1,1.6315789473684212
92745,dashboard-2026-06-17T03-20-43-068Z:schedule-760431,schedule-760431,away,moneyline,约旦胜,0.3147332194623659,,0.105,Polymarket,0.2097332194623659,0.27973321946236585,9.523809523809524,8.523809523809524,852.3809523809524,低置信观察,WATCH,0,0.0,0.0,{},奥地利,约旦,2026-06-17T04:00:00.000Z,modelled_group_window,latest_before_kickoff,home,0.3951816812449358,medium,dynamic,0.8357142857142856,1.18,1.02,0,-1.0
92746,dashboard-2026-06-17T03-20-43-068Z:schedule-760431,schedule-760431,draw,moneyline,平局,0.29008503434468846,,0.195,Polymarket,0.09508503434468846,0.25508503434468843,5.128205128205128,4.128205128205128,412.8205128205128,低置信观察,WATCH,1,7887.2723,40447.5503,{},奥地利,约旦,2026-06-17T04:00:00.000Z,modelled_group_window,latest_before_kickoff,home,0.3951816812449358,medium,dynamic,0.8357142857142856,1.18,1.02,0,-1.0
92744,dashboard-2026-06-17T03-20-43-068Z:schedule-760431,schedule-760431,home,moneyline,奥地利胜,0.3951816812449358,,0.705,Polymarket,-0.30981831875506416,0.36018168124493577,1.4184397163120568,0.4184397163120568,-238.9830508474576,回避,AVOID_OR_SELL,2,73193.3114,103820.3,{},奥地利,约旦,2026-06-17T04:00:00.000Z,modelled_group_window,latest_before_kickoff,home,0.3951816812449358,medium,dynamic,0.8357142857142856,1.18,1.02,1,0.4184397163120568
92742,dashboard-2026-06-17T03-20-43-068Z:schedule-760431,schedule-760431,over25,total,大于 2.5 球,0.37728625000368354,,0.525,Polymarket,-0.14771374999631648,0.3422862500036835,1.9047619047619047,0.9047619047619047,-110.52631578947368,回避,AVOID_OR_SELL,0,0.0,0.0,{},奥地利,约旦,2026-06-17T04:00:00.000Z,modelled_group_window,latest_before_kickoff,home,0.3951816812449358,medium,dynamic,0.8357142857142856,1.18,1.02,1,0.9047619047619047
92741,dashboard-2026-06-17T03-20-43-068Z:schedule-760431,schedule-760431,under25,total,小于 2.5 球,0.6227137499963165,,0.475,Polymarket,0.14771374999631648,0.5877137499963164,2.1052631578947367,1.1052631578947367,110.52631578947368,低置信观察,WATCH,2,80847.5527,170205.3742,{},奥地利,约旦,2026-06-17T04:00:00.000Z,modelled_group_window,latest_before_kickoff,home,0.3951816812449358,medium,dynamic,0.8357142857142856,1.18,1.02,0,-1.0
90053,dashboard-2026-06-16T18-48-46-345Z:schedule-760432,schedule-760432,schedule-760432-auto-handicap-away,handicap,塞内加尔 受让 0.5 球,0.4909345194090355,0.0,0.47,本地盘口快照,0.020934519409035512,0.4559345194090355,2.127659574468085,1.127659574468085,112.76595744680851,观察价格,WATCH,0,0.0,0.0,{},法国,塞内加尔,2026-06-16T19:00:00.000Z,modelled_group_window,latest_before_kickoff,home,0.5090651544154737,high,post_lineup,0.9071428571428571,1.42,0.83,0,-1.0
90055,dashboard-2026-06-16T18-48-46-345Z:schedule-760432,schedule-760432,schedule-760432-auto-handicap-home,handicap,法国 让 0.5 球,0.5090651544154737,0.0,0.49,本地盘口快照,0.01906515441547374,0.4740651544154737,2.0408163265306123,1.0408163265306123,104.08163265306122,观察价格,WATCH,0,0.0,0.0,{},法国,塞内加尔,2026-06-16T19:00:00.000Z,modelled_group_window,latest_before_kickoff,home,0.5090651544154737,high,post_lineup,0.9071428571428571,1.42,0.83,1,1.0408163265306123
90058,dashboard-2026-06-16T18-48-46-345Z:schedule-760432,schedule-760432,away,moneyline,塞内加尔胜,0.2195457207203298,,0.135,Polymarket,0.08454572072032979,0.1845457207203298,7.4074074074074066,6.4074074074074066,640.7407407407406,强正向信号,BUY,2,108831.2154,806157.1515,{},法国,塞内加尔,2026-06-16T19:00:00.000Z,modelled_group_window,latest_before_kickoff,home,0.5090651544154737,high,post_lineup,0.9071428571428571,1.42,0.83,0,-1.0
90056,dashboard-2026-06-16T18-48-46-345Z:schedule-760432,schedule-760432,draw,moneyline,平局,0.2713887986887056,,0.215,Polymarket,0.05638879868870558,0.23638879868870558,4.651162790697675,3.6511627906976747,365.1162790697675,正向信号,BUY_SMALL,1,78.045,363.0,{},法国,塞内加尔,2026-06-16T19:00:00.000Z,modelled_group_window,latest_before_kickoff,home,0.5090651544154737,high,post_lineup,0.9071428571428571,1.42,0.83,0,-1.0
90054,dashboard-2026-06-16T18-48-46-345Z:schedule-760432,schedule-760432,home,moneyline,法国胜,0.5090651544154737,,0.655,Polymarket,-0.1459348455845263,0.4740651544154737,1.5267175572519083,0.5267175572519083,-189.85507246376812,回避,AVOID_OR_SELL,0,0.0,0.0,{},法国,塞内加尔,2026-06-16T19:00:00.000Z,modelled_group_window,latest_before_kickoff,home,0.5090651544154737,high,post_lineup,0.9071428571428571,1.42,0.83,1,0.5267175572519083
90057,dashboard-2026-06-16T18-48-46-345Z:schedule-760432,schedule-760432,over25,total,大于 2.5 球,0.39066073300172177,,0.545,Polymarket,-0.15433926699827827,0.35566073300172174,1.8348623853211008,0.8348623853211008,-119.78021978021981,回避,AVOID_OR_SELL,2,2023.305,3183.5947,{},法国,塞内加尔,2026-06-16T19:00:00.000Z,modelled_group_window,latest_before_kickoff,home,0.5090651544154737,high,post_lineup,0.9071428571428571,1.42,0.83,1,0.8348623853211008
90052,dashboard-2026-06-16T18-48-46-345Z:schedule-760432,schedule-760432,under25,total,小于 2.5 球,0.6093392669982782,,0.455,Polymarket,0.1543392669982782,0.5743392669982782,2.1978021978021975,1.1978021978021975,119.78021978021977,强正向信号,BUY,1,12015.0,27000.0,{},法国,塞内加尔,2026-06-16T19:00:00.000Z,modelled_group_window,latest_before_kickoff,home,0.5090651544154737,high,post_lineup,0.9071428571428571,1.42,0.83,0,-1.0
92015,dashboard-2026-06-17T00-59-42-591Z:schedule-760433,schedule-760433,schedule-760433-auto-handicap-away,handicap,阿尔及利亚 受让 0.5 球,0.4750813274688985,0.0,0.46,本地盘口快照,0.015081327468898453,0.4400813274688985,2.1739130434782608,1.1739130434782608,117.39130434782608,观察价格,WATCH,0,0.0,0.0,{},阿根廷,阿尔及利亚,2026-06-17T01:00:00.000Z,modelled_group_window,latest_before_kickoff,home,0.5249182738571708,medium,dynamic,0.6928571428571428,1.45,0.8,0,-1.0
92014,dashboard-2026-06-17T00-59-42-591Z:schedule-760433,schedule-760433,schedule-760433-auto-handicap-home,handicap,阿根廷 让 0.5 球,0.5249182738571708,0.0,0.5,本地盘口快照,0.024918273857170825,0.4899182738571708,2.0,1.0,-100.0,观察价格,WATCH,0,0.0,0.0,{},阿根廷,阿尔及利亚,2026-06-17T01:00:00.000Z,modelled_group_window,latest_before_kickoff,home,0.5249182738571708,medium,dynamic,0.6928571428571428,1.45,0.8,1,1.0
92018,dashboard-2026-06-17T00-59-42-591Z:schedule-760433,schedule-760433,away,moneyline,阿尔及利亚胜,0.20704558033169398,,0.125,Polymarket,0.08204558033169398,0.17204558033169398,8.0,7.0,700.0,低置信观察,WATCH,4,63222.048299999995,502170.553,{},阿根廷,阿尔及利亚,2026-06-17T01:00:00.000Z,modelled_group_window,latest_before_kickoff,home,0.5249182738571708,medium,dynamic,0.6928571428571428,1.45,0.8,0,-1.0
92017,dashboard-2026-06-17T00-59-42-591Z:schedule-760433,schedule-760433,draw,moneyline,平局,0.26803574713720457,,0.235,Polymarket,0.033035747137204585,0.23303574713720457,4.25531914893617,3.25531914893617,325.53191489361706,观察价格,WATCH,3,27817.459499999997,118373.49970000001,{},阿根廷,阿尔及利亚,2026-06-17T01:00:00.000Z,modelled_group_window,latest_before_kickoff,home,0.5249182738571708,medium,dynamic,0.6928571428571428,1.45,0.8,0,-1.0
92013,dashboard-2026-06-17T00-59-42-591Z:schedule-760433,schedule-760433,home,moneyline,阿根廷胜,0.5249182738571708,,0.635,Polymarket,-0.11008172614282918,0.4899182738571708,1.574803149606299,0.5748031496062991,-173.97260273972603,回避,AVOID_OR_SELL,1,1410.8724,2221.8463,{},阿根廷,阿尔及利亚,2026-06-17T01:00:00.000Z,modelled_group_window,latest_before_kickoff,home,0.5249182738571708,medium,dynamic,0.6928571428571428,1.45,0.8,1,0.5748031496062991
92016,dashboard-2026-06-17T00-59-42-591Z:schedule-760433,schedule-760433,over25,total,大于 2.5 球,0.3906607330017219,,0.475,Polymarket,-0.0843392669982781,0.35566073300172185,2.1052631578947367,1.1052631578947367,110.52631578947368,回避,AVOID_OR_SELL,0,0.0,0.0,{},阿根廷,阿尔及利亚,2026-06-17T01:00:00.000Z,modelled_group_window,latest_before_kickoff,home,0.5249182738571708,medium,dynamic,0.6928571428571428,1.45,0.8,1,1.1052631578947367
92012,dashboard-2026-06-17T00-59-42-591Z:schedule-760433,schedule-760433,under25,total,小于 2.5 球,0.6093392669982781,,0.525,Polymarket,0.0843392669982781,0.5743392669982781,1.9047619047619047,0.9047619047619047,-110.52631578947368,低置信观察,WATCH,2,56178.4721,105006.4899,{},阿根廷,阿尔及利亚,2026-06-17T01:00:00.000Z,modelled_group_window,latest_before_kickoff,home,0.5249182738571708,medium,dynamic,0.6928571428571428,1.45,0.8,0,-1.0
94490,dashboard-2026-06-17T09-35-02-160Z:schedule-760434,schedule-760434,schedule-760434-auto-handicap-away,handicap,巴拿马 受让 0.5 球,0.6048182538070545,0.0,0.58,本地盘口快照,0.02481825380705449,0.5698182538070544,1.7241379310344829,0.7241379310344829,-138.09523809523807,观察价格,WATCH,0,0.0,0.0,{},加纳,巴拿马,2026-06-17T23:00:00.000Z,modelled_group_window,latest_before_kickoff,home,0.3951816812449358,high,post_lineup,0.9071428571428571,1.18,1.02,0,-1.0
94493,dashboard-2026-06-17T09-35-02-160Z:schedule-760434,schedule-760434,schedule-760434-auto-handicap-home,handicap,加纳 让 0.5 球,0.39518168124493586,0.0,0.38,本地盘口快照,0.015181681244935852,0.3601816812449359,2.6315789473684212,1.6315789473684212,163.1578947368421,观察价格,WATCH,0,0.0,0.0,{},加纳,巴拿马,2026-06-17T23:00:00.000Z,modelled_group_window,latest_before_kickoff,home,0.3951816812449358,high,post_lineup,0.9071428571428571,1.18,1.02,1,1.6315789473684212
94495,dashboard-2026-06-17T09-35-02-160Z:schedule-760434,schedule-760434,away,moneyline,巴拿马胜,0.3147332194623659,,0.295,Polymarket,0.019733219462365892,0.27973321946236585,3.3898305084745766,2.3898305084745766,238.98305084745763,观察价格,WATCH,1,918.8575,3114.7713,{},加纳,巴拿马,2026-06-17T23:00:00.000Z,modelled_group_window,latest_before_kickoff,home,0.3951816812449358,high,post_lineup,0.9071428571428571,1.18,1.02,0,-1.0
94496,dashboard-2026-06-17T09-35-02-160Z:schedule-760434,schedule-760434,draw,moneyline,平局,0.29008503434468846,,0.295,Polymarket,-0.004914965655311521,0.25508503434468843,3.3898305084745766,2.3898305084745766,238.98305084745763,无明确信号,NO_TRADE,0,0.0,0.0,{},加纳,巴拿马,2026-06-17T23:00:00.000Z,modelled_group_window,latest_before_kickoff,home,0.3951816812449358,high,post_lineup,0.9071428571428571,1.18,1.02,0,-1.0
94494,dashboard-2026-06-17T09-35-02-160Z:schedule-760434,schedule-760434,home,moneyline,加纳胜,0.3951816812449358,,0.415,Polymarket,-0.01981831875506418,0.36018168124493577,2.4096385542168677,1.4096385542168677,140.96385542168676,无明确信号,NO_TRADE,0,0.0,0.0,{},加纳,巴拿马,2026-06-17T23:00:00.000Z,modelled_group_window,latest_before_kickoff,home,0.3951816812449358,high,post_lineup,0.9071428571428571,1.18,1.02,1,1.4096385542168677
94492,dashboard-2026-06-17T09-35-02-160Z:schedule-760434,schedule-760434,over25,total,大于 2.5 球,0.37728625000368354,,0.405,Polymarket,-0.027713749996316484,0.3422862500036835,2.4691358024691357,1.4691358024691357,146.91358024691357,无明确信号,NO_TRADE,2,451.73960000000005,1115.4066,{},加纳,巴拿马,2026-06-17T23:00:00.000Z,modelled_group_window,latest_before_kickoff,home,0.3951816812449358,high,post_lineup,0.9071428571428571,1.18,1.02,0,-1.0
94491,dashboard-2026-06-17T09-35-02-160Z:schedule-760434,schedule-760434,under25,total,小于 2.5 球,0.6227137499963165,,0.595,Polymarket,0.027713749996316484,0.5877137499963164,1.680672268907563,0.680672268907563,-146.91358024691357,观察价格,WATCH,0,0.0,0.0,{},加纳,巴拿马,2026-06-17T23:00:00.000Z,modelled_group_window,latest_before_kickoff,home,0.3951816812449358,high,post_lineup,0.9071428571428571,1.18,1.02,1,0.680672268907563
94479,dashboard-2026-06-17T09-35-02-160Z:schedule-760435,schedule-760435,schedule-760435-auto-handicap-away,handicap,刚果（金） 受让 0.5 球,0.5095290581348196,0.0,0.49,本地盘口快照,0.019529058134819643,0.4745290581348196,2.0408163265306123,1.0408163265306123,104.08163265306122,基线观察,WATCH,0,0.0,0.0,{},葡萄牙,刚果（金）,2026-06-17T17:00:00.000Z,modelled_group_window,latest_before_kickoff,home,0.49047069382493796,medium,baseline,0.55,1.38,0.86,1,1.0408163265306123
94478,dashboard-2026-06-17T09-35-02-160Z:schedule-760435,schedule-760435,schedule-760435-auto-handicap-home,handicap,葡萄牙 让 0.5 球,0.49047069382493796,0.0,0.47,本地盘口快照,0.02047069382493799,0.455470693824938,2.127659574468085,1.127659574468085,112.76595744680851,基线观察,WATCH,0,0.0,0.0,{},葡萄牙,刚果（金）,2026-06-17T17:00:00.000Z,modelled_group_window,latest_before_kickoff,home,0.49047069382493796,medium,baseline,0.55,1.38,0.86,0,-1.0
94482,dashboard-2026-06-17T09-35-02-160Z:schedule-760435,schedule-760435,away,moneyline,刚果（金）胜,0.23391116908937115,,0.22,本地盘口快照,0.01391116908937115,0.19891116908937115,4.545454545454546,3.545454545454546,354.54545454545456,基线观察,WATCH,0,0.0,0.0,{},葡萄牙,刚果（金）,2026-06-17T17:00:00.000Z,modelled_group_window,latest_before_kickoff,home,0.49047069382493796,medium,baseline,0.55,1.38,0.86,0,-1.0
94481,dashboard-2026-06-17T09-35-02-160Z:schedule-760435,schedule-760435,draw,moneyline,平局,0.27561788904544826,,0.26,本地盘口快照,0.015617889045448252,0.24061788904544826,3.846153846153846,2.846153846153846,284.6153846153846,基线观察,WATCH,0,0.0,0.0,{},葡萄牙,刚果（金）,2026-06-17T17:00:00.000Z,modelled_group_window,latest_before_kickoff,home,0.49047069382493796,medium,baseline,0.55,1.38,0.86,1,2.846153846153846
94477,dashboard-2026-06-17T09-35-02-160Z:schedule-760435,schedule-760435,home,moneyline,葡萄牙胜,0.49047069382493796,,0.47,本地盘口快照,0.02047069382493799,0.455470693824938,2.127659574468085,1.127659574468085,112.76595744680851,基线观察,WATCH,0,0.0,0.0,{},葡萄牙,刚果（金）,2026-06-17T17:00:00.000Z,modelled_group_window,latest_before_kickoff,home,0.49047069382493796,medium,baseline,0.55,1.38,0.86,0,-1.0
94480,dashboard-2026-06-17T09-35-02-160Z:schedule-760435,schedule-760435,over25,total,大于 2.5 球,0.38799135002455143,,0.37,本地盘口快照,0.017991350024551434,0.3529913500245514,2.7027027027027026,1.7027027027027026,170.27027027027026,基线观察,WATCH,0,0.0,0.0,{},葡萄牙,刚果（金）,2026-06-17T17:00:00.000Z,modelled_group_window,latest_before_kickoff,home,0.49047069382493796,medium,baseline,0.55,1.38,0.86,0,-1.0
94476,dashboard-2026-06-17T09-35-02-160Z:schedule-760435,schedule-760435,under25,total,小于 2.5 球,0.6120086499754486,,0.59,本地盘口快照,0.022008649975448602,0.5770086499754485,1.6949152542372883,0.6949152542372883,-143.90243902439022,基线观察,WATCH,0,0.0,0.0,{},葡萄牙,刚果（金）,2026-06-17T17:00:00.000Z,modelled_group_window,latest_before_kickoff,home,0.49047069382493796,medium,baseline,0.55,1.38,0.86,1,0.6949152542372883
94497,dashboard-2026-06-17T09-35-02-160Z:schedule-760436,schedule-760436,schedule-760436-auto-handicap-away,handicap,哥伦比亚 受让 0.5 球,0.6048182538070545,0.0,0.58,本地盘口快照,0.02481825380705449,0.5698182538070544,1.7241379310344829,0.7241379310344829,-138.09523809523807,观察价格,WATCH,0,0.0,0.0,{},乌兹别克斯坦,哥伦比亚,2026-06-18T02:00:00.000Z,modelled_group_window,latest_before_kickoff,home,0.3951816812449358,medium,dynamic,0.6928571428571428,1.18,1.02,1,0.7241379310344829
94500,dashboard-2026-06-17T09-35-02-160Z:schedule-760436,schedule-760436,schedule-760436-auto-handicap-home,handicap,乌兹别克斯坦 让 0.5 球,0.39518168124493586,0.0,0.38,本地盘口快照,0.015181681244935852,0.3601816812449359,2.6315789473684212,1.6315789473684212,163.1578947368421,观察价格,WATCH,0,0.0,0.0,{},乌兹别克斯坦,哥伦比亚,2026-06-18T02:00:00.000Z,modelled_group_window,latest_before_kickoff,home,0.3951816812449358,medium,dynamic,0.6928571428571428,1.18,1.02,0,-1.0
94502,dashboard-2026-06-17T09-35-02-160Z:schedule-760436,schedule-760436,away,moneyline,哥伦比亚胜,0.3147332194623659,,0.705,Polymarket,-0.3902667805376341,0.27973321946236585,1.4184397163120568,0.4184397163120568,-238.9830508474576,回避,AVOID_OR_SELL,1,823.7228,1168.4567,{},乌兹别克斯坦,哥伦比亚,2026-06-18T02:00:00.000Z,modelled_group_window,latest_before_kickoff,home,0.3951816812449358,medium,dynamic,0.6928571428571428,1.18,1.02,1,0.4184397163120568
94503,dashboard-2026-06-17T09-35-02-160Z:schedule-760436,schedule-760436,draw,moneyline,平局,0.29008503434468846,,0.195,Polymarket,0.09508503434468846,0.25508503434468843,5.128205128205128,4.128205128205128,412.8205128205128,低置信观察,WATCH,0,0.0,0.0,{},乌兹别克斯坦,哥伦比亚,2026-06-18T02:00:00.000Z,modelled_group_window,latest_before_kickoff,home,0.3951816812449358,medium,dynamic,0.6928571428571428,1.18,1.02,0,-1.0
94501,dashboard-2026-06-17T09-35-02-160Z:schedule-760436,schedule-760436,home,moneyline,乌兹别克斯坦胜,0.3951816812449358,,0.095,Polymarket,0.3001816812449358,0.36018168124493577,10.526315789473685,9.526315789473685,952.6315789473684,低置信观察,WATCH,0,0.0,0.0,{},乌兹别克斯坦,哥伦比亚,2026-06-18T02:00:00.000Z,modelled_group_window,latest_before_kickoff,home,0.3951816812449358,medium,dynamic,0.6928571428571428,1.18,1.02,0,-1.0
94499,dashboard-2026-06-17T09-35-02-160Z:schedule-760436,schedule-760436,over25,total,大于 2.5 球,0.37728625000368354,,0.485,Polymarket,-0.10771374999631644,0.3422862500036835,2.061855670103093,1.061855670103093,106.18556701030928,回避,AVOID_OR_SELL,0,0.0,0.0,{},乌兹别克斯坦,哥伦比亚,2026-06-18T02:00:00.000Z,modelled_group_window,latest_before_kickoff,home,0.3951816812449358,medium,dynamic,0.6928571428571428,1.18,1.02,1,1.061855670103093
94498,dashboard-2026-06-17T09-35-02-160Z:schedule-760436,schedule-760436,under25,total,小于 2.5 球,0.6227137499963165,,0.515,Polymarket,0.10771374999631644,0.5877137499963164,1.941747572815534,0.941747572815534,-106.18556701030928,低置信观察,WATCH,1,62.1613,120.7016,{},乌兹别克斯坦,哥伦比亚,2026-06-18T02:00:00.000Z,modelled_group_window,latest_before_kickoff,home,0.3951816812449358,medium,dynamic,0.6928571428571428,1.18,1.02,0,-1.0
94483,dashboard-2026-06-17T09-35-02-160Z:schedule-760437,schedule-760437,schedule-760437-auto-handicap-away,handicap,克罗地亚 受让 0.5 球,0.5716840468067836,0.0,0.55,本地盘口快照,0.021684046806783597,0.5366840468067836,1.8181818181818181,0.8181818181818181,-122.22222222222226,观察价格,WATCH,0,0.0,0.0,{},英格兰,克罗地亚,2026-06-17T20:00:00.000Z,modelled_group_window,latest_before_kickoff,home,0.42831586835781127,medium,dynamic,0.8357142857142856,1.23,0.94,0,-1.0
94487,dashboard-2026-06-17T09-35-02-160Z:schedule-760437,schedule-760437,schedule-760437-auto-handicap-home,handicap,英格兰 让 0.5 球,0.42831586835781127,0.0,0.41,本地盘口快照,0.018315868357811294,0.3933158683578113,2.4390243902439024,1.4390243902439024,143.90243902439028,观察价格,WATCH,0,0.0,0.0,{},英格兰,克罗地亚,2026-06-17T20:00:00.000Z,modelled_group_window,latest_before_kickoff,home,0.42831586835781127,medium,dynamic,0.8357142857142856,1.23,0.94,1,1.4390243902439024
94488,dashboard-2026-06-17T09-35-02-160Z:schedule-760437,schedule-760437,away,moneyline,克罗地亚胜,0.2820629528317849,,0.175,Polymarket,0.10706295283178491,0.2470629528317849,5.714285714285714,4.714285714285714,471.42857142857144,低置信观察,WATCH,0,0.0,0.0,{},英格兰,克罗地亚,2026-06-17T20:00:00.000Z,modelled_group_window,latest_before_kickoff,home,0.42831586835781127,medium,dynamic,0.8357142857142856,1.23,0.94,0,-1.0
94489,dashboard-2026-06-17T09-35-02-160Z:schedule-760437,schedule-760437,draw,moneyline,平局,0.28962109397499913,,0.255,Polymarket,0.03462109397499913,0.2546210939749991,3.9215686274509802,2.9215686274509802,292.156862745098,观察价格,WATCH,0,0.0,0.0,{},英格兰,克罗地亚,2026-06-17T20:00:00.000Z,modelled_group_window,latest_before_kickoff,home,0.42831586835781127,medium,dynamic,0.8357142857142856,1.23,0.94,0,-1.0
94486,dashboard-2026-06-17T09-35-02-160Z:schedule-760437,schedule-760437,home,moneyline,英格兰胜,0.42831586835781127,,0.565,Polymarket,-0.13668413164218868,0.3933158683578113,1.7699115044247788,0.7699115044247788,-129.88505747126433,回避,AVOID_OR_SELL,2,6728.4695,11910.9038,{},英格兰,克罗地亚,2026-06-17T20:00:00.000Z,modelled_group_window,latest_before_kickoff,home,0.42831586835781127,medium,dynamic,0.8357142857142856,1.23,0.94,1,0.7699115044247788
94485,dashboard-2026-06-17T09-35-02-160Z:schedule-760437,schedule-760437,over25,total,大于 2.5 球,0.3692314642569293,,0.35,本地盘口快照,0.019231464256929343,0.3342314642569293,2.857142857142857,1.8571428571428572,185.71428571428572,观察价格,WATCH,0,0.0,0.0,{},英格兰,克罗地亚,2026-06-17T20:00:00.000Z,modelled_group_window,latest_before_kickoff,home,0.42831586835781127,medium,dynamic,0.8357142857142856,1.23,0.94,1,1.8571428571428572
94484,dashboard-2026-06-17T09-35-02-160Z:schedule-760437,schedule-760437,under25,total,小于 2.5 球,0.6307685357430707,,0.61,本地盘口快照,0.020768535743070693,0.5957685357430706,1.639344262295082,0.639344262295082,-156.4102564102564,观察价格,WATCH,0,0.0,0.0,{},英格兰,克罗地亚,2026-06-17T20:00:00.000Z,modelled_group_window,latest_before_kickoff,home,0.42831586835781127,medium,dynamic,0.8357142857142856,1.23,0.94,0,-1.0
94505,dashboard-2026-06-17T09-35-02-160Z:schedule-760438,schedule-760438,schedule-760438-auto-handicap-away,handicap,南非 受让 0.5 球,0.564466518398845,0.0,0.54,本地盘口快照,0.02446651839884495,0.529466518398845,1.8518518518518516,0.8518518518518516,-117.3913043478261,观察价格,WATCH,0,0.0,0.0,{},捷克,南非,2026-06-18T16:00:00.000Z,modelled_group_window,latest_before_kickoff,home,0.43553339827384574,medium,dynamic,0.8357142857142856,1.23,0.9099999999999999,1,0.8518518518518516
94507,dashboard-2026-06-17T09-35-02-160Z:schedule-760438,schedule-760438,schedule-760438-auto-handicap-home,handicap,捷克 让 0.5 球,0.43553339827384574,0.0,0.42,本地盘口快照,0.015533398273845755,0.4005333982738457,2.380952380952381,1.380952380952381,138.09523809523813,观察价格,WATCH,0,0.0,0.0,{},捷克,南非,2026-06-18T16:00:00.000Z,modelled_group_window,latest_before_kickoff,home,0.43553339827384574,medium,dynamic,0.8357142857142856,1.23,0.9099999999999999,0,-1.0
94508,dashboard-2026-06-17T09-35-02-160Z:schedule-760438,schedule-760438,away,moneyline,南非胜,0.2733517710048739,,0.205,Polymarket,0.06835177100487391,0.2383517710048739,4.878048780487805,3.8780487804878048,387.8048780487805,低置信观察,WATCH,1,1036.5906,5056.5397,{},捷克,南非,2026-06-18T16:00:00.000Z,modelled_group_window,latest_before_kickoff,home,0.43553339827384574,medium,dynamic,0.8357142857142856,1.23,0.9099999999999999,0,-1.0
94510,dashboard-2026-06-17T09-35-02-160Z:schedule-760438,schedule-760438,draw,moneyline,平局,0.29111474739397086,,0.255,Polymarket,0.03611474739397086,0.2561147473939709,3.9215686274509802,2.9215686274509802,292.156862745098,低置信观察,WATCH,1,29.1664,114.3783,{},捷克,南非,2026-06-18T16:00:00.000Z,modelled_group_window,latest_before_kickoff,home,0.43553339827384574,medium,dynamic,0.8357142857142856,1.23,0.9099999999999999,1,2.9215686274509802
94506,dashboard-2026-06-17T09-35-02-160Z:schedule-760438,schedule-760438,home,moneyline,捷克胜,0.43553339827384574,,0.545,Polymarket,-0.1094666017261543,0.4005333982738457,1.8348623853211008,0.8348623853211008,-119.78021978021981,回避,AVOID_OR_SELL,0,0.0,0.0,{},捷克,南非,2026-06-18T16:00:00.000Z,modelled_group_window,latest_before_kickoff,home,0.43553339827384574,medium,dynamic,0.8357142857142856,1.23,0.9099999999999999,0,-1.0
94509,dashboard-2026-06-17T09-35-02-160Z:schedule-760438,schedule-760438,over25,total,大于 2.5 球,0.3611577333603433,,0.455,Polymarket,-0.09384226663965672,0.32615773336034326,2.1978021978021975,1.1978021978021975,119.78021978021977,回避,AVOID_OR_SELL,2,510.44949999999994,1121.867,{},捷克,南非,2026-06-18T16:00:00.000Z,modelled_group_window,latest_before_kickoff,home,0.43553339827384574,medium,dynamic,0.8357142857142856,1.23,0.9099999999999999,0,-1.0
94504,dashboard-2026-06-17T09-35-02-160Z:schedule-760438,schedule-760438,under25,total,小于 2.5 球,0.6388422666396567,,0.545,Polymarket,0.09384226663965667,0.6038422666396567,1.8348623853211008,0.8348623853211008,-119.78021978021981,低置信观察,WATCH,1,806.6651,1480.1195,{},捷克,南非,2026-06-18T16:00:00.000Z,modelled_group_window,latest_before_kickoff,home,0.43553339827384574,medium,dynamic,0.8357142857142856,1.23,0.9099999999999999,1,0.8348623853211008
94514,dashboard-2026-06-17T09-35-02-160Z:schedule-760439,schedule-760439,schedule-760439-auto-handicap-away,handicap,波黑 受让 0.5 球,0.5387187550235634,0.0,0.52,本地盘口快照,0.01871875502356335,0.5037187550235633,1.923076923076923,0.9230769230769229,-108.33333333333334,观察价格,WATCH,0,0.0,0.0,{},瑞士,波黑,2026-06-18T19:00:00.000Z,modelled_group_window,latest_before_kickoff,home,0.46128108188832445,medium,dynamic,0.8357142857142856,1.32,0.91,0,-1.0
94513,dashboard-2026-06-17T09-35-02-160Z:schedule-760439,schedule-760439,schedule-760439-auto-handicap-home,handicap,瑞士 让 0.5 球,0.46128108188832445,0.0,0.44,本地盘口快照,0.02128108188832445,0.4262810818883245,2.272727272727273,1.272727272727273,127.2727272727273,观察价格,WATCH,0,0.0,0.0,{},瑞士,波黑,2026-06-18T19:00:00.000Z,modelled_group_window,latest_before_kickoff,home,0.46128108188832445,medium,dynamic,0.8357142857142856,1.32,0.91,1,1.272727272727273
94517,dashboard-2026-06-17T09-35-02-160Z:schedule-760439,schedule-760439,away,moneyline,波黑胜,0.25765465060997017,,0.145,Polymarket,0.11265465060997018,0.22265465060997017,6.8965517241379315,5.8965517241379315,589.6551724137931,低置信观察,WATCH,0,0.0,0.0,{},瑞士,波黑,2026-06-18T19:00:00.000Z,modelled_group_window,latest_before_kickoff,home,0.46128108188832445,medium,dynamic,0.8357142857142856,1.32,0.91,0,-1.0
94516,dashboard-2026-06-17T09-35-02-160Z:schedule-760439,schedule-760439,draw,moneyline,平局,0.2810641044135936,,0.235,Polymarket,0.0460641044135936,0.24606410441359358,4.25531914893617,3.25531914893617,325.53191489361706,低置信观察,WATCH,1,15.51,66.0,{},瑞士,波黑,2026-06-18T19:00:00.000Z,modelled_group_window,latest_before_kickoff,home,0.46128108188832445,medium,dynamic,0.8357142857142856,1.32,0.91,0,-1.0
94512,dashboard-2026-06-17T09-35-02-160Z:schedule-760439,schedule-760439,home,moneyline,瑞士胜,0.46128108188832445,,0.625,Polymarket,-0.16371891811167555,0.4262810818883245,1.6,0.6000000000000001,-166.66666666666666,回避,AVOID_OR_SELL,1,705.3799,1128.6079,{},瑞士,波黑,2026-06-18T19:00:00.000Z,modelled_group_window,latest_before_kickoff,home,0.46128108188832445,medium,dynamic,0.8357142857142856,1.32,0.91,1,0.6000000000000001
94515,dashboard-2026-06-17T09-35-02-160Z:schedule-760439,schedule-760439,over25,total,大于 2.5 球,0.3853191055502351,,0.37,本地盘口快照,0.01531910555023508,0.35031910555023504,2.7027027027027026,1.7027027027027026,170.27027027027026,观察价格,WATCH,0,0.0,0.0,{},瑞士,波黑,2026-06-18T19:00:00.000Z,modelled_group_window,latest_before_kickoff,home,0.46128108188832445,medium,dynamic,0.8357142857142856,1.32,0.91,1,1.7027027027027026
94511,dashboard-2026-06-17T09-35-02-160Z:schedule-760439,schedule-760439,under25,total,小于 2.5 球,0.6146808944497649,,0.59,本地盘口快照,0.024680894449764956,0.5796808944497649,1.6949152542372883,0.6949152542372883,-143.90243902439022,观察价格,WATCH,0,0.0,0.0,{},瑞士,波黑,2026-06-18T19:00:00.000Z,modelled_group_window,latest_before_kickoff,home,0.46128108188832445,medium,dynamic,0.8357142857142856,1.32,0.91,0,-1.0
94519,dashboard-2026-06-17T09-35-02-160Z:schedule-760440,schedule-760440,schedule-760440-auto-handicap-away,handicap,卡塔尔 受让 0.5 球,0.5468101997979224,0.0,0.52,本地盘口快照,0.02681019979792243,0.5118101997979224,1.923076923076923,0.9230769230769229,-108.33333333333334,观察价格,WATCH,0,0.0,0.0,{},加拿大,卡塔尔,2026-06-18T22:00:00.000Z,modelled_group_window,latest_before_kickoff,home,0.4531896588075801,medium,dynamic,0.8357142857142856,1.3,0.92,0,-1.0
94522,dashboard-2026-06-17T09-35-02-160Z:schedule-760440,schedule-760440,schedule-760440-auto-handicap-home,handicap,加拿大 让 0.5 球,0.4531896588075801,0.0,0.44,本地盘口快照,0.013189658807580107,0.4181896588075801,2.272727272727273,1.272727272727273,127.2727272727273,无明确信号,NO_TRADE,0,0.0,0.0,{},加拿大,卡塔尔,2026-06-18T22:00:00.000Z,modelled_group_window,latest_before_kickoff,home,0.4531896588075801,medium,dynamic,0.8357142857142856,1.3,0.92,1,1.272727272727273
94520,dashboard-2026-06-17T09-35-02-160Z:schedule-760440,schedule-760440,away,moneyline,卡塔尔胜,0.2638993757012607,,0.085,Polymarket,0.1788993757012607,0.2288993757012607,11.76470588235294,10.76470588235294,1076.4705882352941,低置信观察,WATCH,1,203.9623,2399.5573,{},加拿大,卡塔尔,2026-06-18T22:00:00.000Z,modelled_group_window,latest_before_kickoff,home,0.4531896588075801,medium,dynamic,0.8357142857142856,1.3,0.92,0,-1.0
94523,dashboard-2026-06-17T09-35-02-160Z:schedule-760440,schedule-760440,draw,moneyline,平局,0.2829108240966614,,0.165,Polymarket,0.1179108240966614,0.2479108240966614,6.0606060606060606,5.0606060606060606,506.06060606060606,低置信观察,WATCH,0,0.0,0.0,{},加拿大,卡塔尔,2026-06-18T22:00:00.000Z,modelled_group_window,latest_before_kickoff,home,0.4531896588075801,medium,dynamic,0.8357142857142856,1.3,0.92,0,-1.0
94521,dashboard-2026-06-17T09-35-02-160Z:schedule-760440,schedule-760440,home,moneyline,加拿大胜,0.4531896588075801,,0.755,Polymarket,-0.3018103411924199,0.4181896588075801,1.3245033112582782,0.32450331125827825,-308.16326530612247,回避,AVOID_OR_SELL,1,1498.7354,1985.08,{},加拿大,卡塔尔,2026-06-18T22:00:00.000Z,modelled_group_window,latest_before_kickoff,home,0.4531896588075801,medium,dynamic,0.8357142857142856,1.3,0.92,1,0.32450331125827825
94524,dashboard-2026-06-17T09-35-02-160Z:schedule-760440,schedule-760440,over25,total,大于 2.5 球,0.3826441036171738,,0.555,Polymarket,-0.17235589638282622,0.3476441036171738,1.8018018018018016,0.8018018018018016,-124.71910112359554,回避,AVOID_OR_SELL,2,1814.6649,3269.6665000000003,{},加拿大,卡塔尔,2026-06-18T22:00:00.000Z,modelled_group_window,latest_before_kickoff,home,0.4531896588075801,medium,dynamic,0.8357142857142856,1.3,0.92,1,0.8018018018018016
94518,dashboard-2026-06-17T09-35-02-160Z:schedule-760440,schedule-760440,under25,total,小于 2.5 球,0.6173558963828262,,0.445,Polymarket,0.17235589638282617,0.5823558963828261,2.247191011235955,1.2471910112359552,124.7191011235955,低置信观察,WATCH,2,2464.0775,5537.253,{},加拿大,卡塔尔,2026-06-18T22:00:00.000Z,modelled_group_window,latest_before_kickoff,home,0.4531896588075801,medium,dynamic,0.8357142857142856,1.3,0.92,0,-1.0
94525,dashboard-2026-06-17T09-35-02-160Z:schedule-760441,schedule-760441,schedule-760441-auto-handicap-away,handicap,韩国 受让 0.5 球,0.5549192042686997,0.0,0.53,本地盘口快照,0.024919204268699646,0.5199192042686996,1.8867924528301885,0.8867924528301885,-112.76595744680851,基线观察,WATCH,0,0.0,0.0,{},墨西哥,韩国,2026-06-19T01:00:00.000Z,modelled_group_window,latest_before_kickoff,home,0.44508067320912975,low,baseline,0.40714285714285714,1.28,0.9299999999999999,0,-1.0
94529,dashboard-2026-06-17T09-35-02-160Z:schedule-760441,schedule-760441,schedule-760441-auto-handicap-home,handicap,墨西哥 让 0.5 球,0.44508067320912975,0.0,0.43,本地盘口快照,0.015080673209129758,0.4100806732091298,2.3255813953488373,1.3255813953488373,132.55813953488374,基线观察,WATCH,0,0.0,0.0,{},墨西哥,韩国,2026-06-19T01:00:00.000Z,modelled_group_window,latest_before_kickoff,home,0.44508067320912975,low,baseline,0.40714285714285714,1.28,0.9299999999999999,1,1.3255813953488373
94531,dashboard-2026-06-17T09-35-02-160Z:schedule-760441,schedule-760441,away,moneyline,韩国胜,0.27022649147048905,,0.26,本地盘口快照,0.01022649147048904,0.23522649147048905,3.846153846153846,2.846153846153846,284.6153846153846,基线观察,WATCH,0,0.0,0.0,{},墨西哥,韩国,2026-06-19T01:00:00.000Z,modelled_group_window,latest_before_kickoff,home,0.44508067320912975,low,baseline,0.40714285714285714,1.28,0.9299999999999999,0,-1.0
94530,dashboard-2026-06-17T09-35-02-160Z:schedule-760441,schedule-760441,draw,moneyline,平局,0.2846927127982103,,0.27,本地盘口快照,0.014692712798210272,0.2496927127982103,3.7037037037037033,2.7037037037037033,270.3703703703704,基线观察,WATCH,0,0.0,0.0,{},墨西哥,韩国,2026-06-19T01:00:00.000Z,modelled_group_window,latest_before_kickoff,home,0.44508067320912975,low,baseline,0.40714285714285714,1.28,0.9299999999999999,0,-1.0
94528,dashboard-2026-06-17T09-35-02-160Z:schedule-760441,schedule-760441,home,moneyline,墨西哥胜,0.44508067320912975,,0.43,本地盘口快照,0.015080673209129758,0.4100806732091298,2.3255813953488373,1.3255813953488373,132.55813953488374,基线观察,WATCH,0,0.0,0.0,{},墨西哥,韩国,2026-06-19T01:00:00.000Z,modelled_group_window,latest_before_kickoff,home,0.44508067320912975,low,baseline,0.40714285714285714,1.28,0.9299999999999999,1,1.3255813953488373
94527,dashboard-2026-06-17T09-35-02-160Z:schedule-760441,schedule-760441,over25,total,大于 2.5 球,0.3799664495579038,,0.36,本地盘口快照,0.01996644955790383,0.3449664495579038,2.7777777777777777,1.7777777777777777,177.77777777777777,基线观察,WATCH,0,0.0,0.0,{},墨西哥,韩国,2026-06-19T01:00:00.000Z,modelled_group_window,latest_before_kickoff,home,0.44508067320912975,low,baseline,0.40714285714285714,1.28,0.9299999999999999,0,-1.0
94526,dashboard-2026-06-17T09-35-02-160Z:schedule-760441,schedule-760441,under25,total,小于 2.5 球,0.6200335504420962,,0.6,本地盘口快照,0.020033550442096204,0.5850335504420962,1.6666666666666667,0.6666666666666667,-150.0,基线观察,WATCH,0,0.0,0.0,{},墨西哥,韩国,2026-06-19T01:00:00.000Z,modelled_group_window,latest_before_kickoff,home,0.44508067320912975,low,baseline,0.40714285714285714,1.28,0.9299999999999999,1,0.6666666666666667
94532,dashboard-2026-06-17T09-35-02-160Z:schedule-760442,schedule-760442,schedule-760442-auto-handicap-away,handicap,澳大利亚 受让 0.5 球,0.5706875894309521,0.0,0.55,本地盘口快照,0.020687589430952058,0.5356875894309521,1.8181818181818181,0.8181818181818181,-122.22222222222226,观察价格,WATCH,0,0.0,0.0,{},美国,澳大利亚,2026-06-19T19:00:00.000Z,modelled_group_window,latest_before_kickoff,home,0.429312310738305,medium,dynamic,0.8142857142857143,1.25,0.96,0,-1.0
94535,dashboard-2026-06-17T09-35-02-160Z:schedule-760442,schedule-760442,schedule-760442-auto-handicap-home,handicap,美国 让 0.5 球,0.42931231073830506,0.0,0.41,本地盘口快照,0.019312310738305083,0.3943123107383051,2.4390243902439024,1.4390243902439024,143.90243902439028,观察价格,WATCH,0,0.0,0.0,{},美国,澳大利亚,2026-06-19T19:00:00.000Z,modelled_group_window,latest_before_kickoff,home,0.429312310738305,medium,dynamic,0.8142857142857143,1.25,0.96,1,1.4390243902439024
94537,dashboard-2026-06-17T09-35-02-160Z:schedule-760442,schedule-760442,away,moneyline,澳大利亚胜,0.28417377185103876,,0.185,Polymarket,0.09917377185103876,0.24917377185103876,5.405405405405405,4.405405405405405,440.5405405405405,低置信观察,WATCH,1,4999.4904,37915.2345,{},美国,澳大利亚,2026-06-19T19:00:00.000Z,modelled_group_window,latest_before_kickoff,home,0.429312310738305,medium,dynamic,0.8142857142857143,1.25,0.96,0,-1.0
94538,dashboard-2026-06-17T09-35-02-160Z:schedule-760442,schedule-760442,draw,moneyline,平局,0.2865138175799134,,0.215,Polymarket,0.0715138175799134,0.2515138175799134,4.651162790697675,3.6511627906976747,365.1162790697675,低置信观察,WATCH,0,0.0,0.0,{},美国,澳大利亚,2026-06-19T19:00:00.000Z,modelled_group_window,latest_before_kickoff,home,0.429312310738305,medium,dynamic,0.8142857142857143,1.25,0.96,0,-1.0
94536,dashboard-2026-06-17T09-35-02-160Z:schedule-760442,schedule-760442,home,moneyline,美国胜,0.429312310738305,,0.615,Polymarket,-0.185687689261695,0.39431231073830497,1.6260162601626016,0.6260162601626016,-159.74025974025975,回避,AVOID_OR_SELL,2,3215.7427000000002,5228.85,{},美国,澳大利亚,2026-06-19T19:00:00.000Z,modelled_group_window,latest_before_kickoff,home,0.429312310738305,medium,dynamic,0.8142857142857143,1.25,0.96,1,0.6260162601626016
94534,dashboard-2026-06-17T09-35-02-160Z:schedule-760442,schedule-760442,over25,total,大于 2.5 球,0.3799664495579037,,0.485,Polymarket,-0.10503355044209628,0.3449664495579037,2.061855670103093,1.061855670103093,106.18556701030928,回避,AVOID_OR_SELL,1,54.3006,111.96,{},美国,澳大利亚,2026-06-19T19:00:00.000Z,modelled_group_window,latest_before_kickoff,home,0.429312310738305,medium,dynamic,0.8142857142857143,1.25,0.96,0,-1.0
94533,dashboard-2026-06-17T09-35-02-160Z:schedule-760442,schedule-760442,under25,total,小于 2.5 球,0.6200335504420963,,0.515,Polymarket,0.10503355044209628,0.5850335504420963,1.941747572815534,0.941747572815534,-106.18556701030928,低置信观察,WATCH,2,2627.5396,5102.0187,{},美国,澳大利亚,2026-06-19T19:00:00.000Z,modelled_group_window,latest_before_kickoff,home,0.429312310738305,medium,dynamic,0.8142857142857143,1.25,0.96,1,0.941747572815534
94553,dashboard-2026-06-17T09-35-02-160Z:schedule-760443,schedule-760443,schedule-760443-auto-handicap-away,handicap,巴拉圭 受让 0.5 球,0.5915610989354346,0.0,0.57,本地盘口快照,0.021561098935434675,0.5565610989354346,1.7543859649122808,0.7543859649122808,-132.55813953488368,观察价格,WATCH,0,0.0,0.0,{},土耳其,巴拉圭,2026-06-20T03:00:00.000Z,modelled_group_window,latest_before_kickoff,home,0.4084388234489073,medium,dynamic,0.8142857142857143,1.21,1.0,1,0.7543859649122808
94557,dashboard-2026-06-17T09-35-02-160Z:schedule-760443,schedule-760443,schedule-760443-auto-handicap-home,handicap,土耳其 让 0.5 球,0.4084388234489073,0.0,0.39,本地盘口快照,0.018438823448907293,0.37343882344890733,2.564102564102564,1.5641025641025639,156.4102564102564,观察价格,WATCH,0,0.0,0.0,{},土耳其,巴拉圭,2026-06-20T03:00:00.000Z,modelled_group_window,latest_before_kickoff,home,0.4084388234489073,medium,dynamic,0.8142857142857143,1.21,1.0,0,-1.0
94558,dashboard-2026-06-17T09-35-02-160Z:schedule-760443,schedule-760443,away,moneyline,巴拉圭胜,0.30314242176217154,,0.245,Polymarket,0.05814242176217155,0.2681424217621715,4.081632653061225,3.0816326530612246,308.16326530612247,低置信观察,WATCH,1,329.868,1346.4,{},土耳其,巴拉圭,2026-06-20T03:00:00.000Z,modelled_group_window,latest_before_kickoff,home,0.4084388234489073,medium,dynamic,0.8142857142857143,1.21,1.0,1,3.0816326530612246
94559,dashboard-2026-06-17T09-35-02-160Z:schedule-760443,schedule-760443,draw,moneyline,平局,0.2884186771732625,,0.285,Polymarket,0.003418677173262552,0.2534186771732625,3.5087719298245617,2.5087719298245617,250.87719298245622,无明确信号,NO_TRADE,0,0.0,0.0,{},土耳其,巴拉圭,2026-06-20T03:00:00.000Z,modelled_group_window,latest_before_kickoff,home,0.4084388234489073,medium,dynamic,0.8142857142857143,1.21,1.0,0,-1.0
94556,dashboard-2026-06-17T09-35-02-160Z:schedule-760443,schedule-760443,home,moneyline,土耳其胜,0.4084388234489073,,0.485,Polymarket,-0.07656117655109268,0.37343882344890733,2.061855670103093,1.061855670103093,106.18556701030928,回避,AVOID_OR_SELL,1,188.7739,389.2245,{},土耳其,巴拉圭,2026-06-20T03:00:00.000Z,modelled_group_window,latest_before_kickoff,home,0.4084388234489073,medium,dynamic,0.8142857142857143,1.21,1.0,0,-1.0
94555,dashboard-2026-06-17T09-35-02-160Z:schedule-760443,schedule-760443,over25,total,大于 2.5 球,0.3799664495579037,,0.445,Polymarket,-0.0650335504420963,0.3449664495579037,2.247191011235955,1.2471910112359552,124.7191011235955,回避,AVOID_OR_SELL,1,181.115,407.0,{},土耳其,巴拉圭,2026-06-20T03:00:00.000Z,modelled_group_window,latest_before_kickoff,home,0.4084388234489073,medium,dynamic,0.8142857142857143,1.21,1.0,0,-1.0
94554,dashboard-2026-06-17T09-35-02-160Z:schedule-760443,schedule-760443,under25,total,小于 2.5 球,0.6200335504420963,,0.555,Polymarket,0.06503355044209624,0.5850335504420963,1.8018018018018016,0.8018018018018016,-124.71910112359554,低置信观察,WATCH,2,306.8434,552.8711000000001,{},土耳其,巴拉圭,2026-06-20T03:00:00.000Z,modelled_group_window,latest_before_kickoff,home,0.4084388234489073,medium,dynamic,0.8142857142857143,1.21,1.0,1,0.8018018018018016
94549,dashboard-2026-06-17T09-35-02-160Z:schedule-760444,schedule-760444,schedule-760444-auto-handicap-away,handicap,海地 受让 0.5 球,0.4487227682900866,0.0,0.43,本地盘口快照,0.018722768290086622,0.4137227682900866,2.3255813953488373,1.3255813953488373,132.55813953488374,观察价格,WATCH,0,0.0,0.0,{},巴西,海地,2026-06-20T00:30:00.000Z,modelled_group_window,latest_before_kickoff,home,0.5512766428671202,medium,dynamic,0.8142857142857143,1.51,0.76,0,-1.0
94548,dashboard-2026-06-17T09-35-02-160Z:schedule-760444,schedule-760444,schedule-760444-auto-handicap-home,handicap,巴西 让 0.5 球,0.5512766428671202,0.0,0.53,本地盘口快照,0.021276642867120166,0.5162766428671202,1.8867924528301885,0.8867924528301885,-112.76595744680851,观察价格,WATCH,0,0.0,0.0,{},巴西,海地,2026-06-20T00:30:00.000Z,modelled_group_window,latest_before_kickoff,home,0.5512766428671202,medium,dynamic,0.8142857142857143,1.51,0.76,1,0.8867924528301885
94552,dashboard-2026-06-17T09-35-02-160Z:schedule-760444,schedule-760444,away,moneyline,海地胜,0.18817121082178417,,0.0415,Polymarket,0.14667121082178416,0.15317121082178417,24.096385542168672,23.096385542168672,2309.6385542168678,低置信观察,WATCH,2,445.27290000000005,10729.4712,{},巴西,海地,2026-06-20T00:30:00.000Z,modelled_group_window,latest_before_kickoff,home,0.5512766428671202,medium,dynamic,0.8142857142857143,1.51,0.76,0,-1.0
94551,dashboard-2026-06-17T09-35-02-160Z:schedule-760444,schedule-760444,draw,moneyline,平局,0.26055155746830244,,0.0775,Polymarket,0.18305155746830243,0.22555155746830244,12.903225806451614,11.903225806451614,1190.3225806451612,低置信观察,WATCH,1,340.0181,4359.2075,{},巴西,海地,2026-06-20T00:30:00.000Z,modelled_group_window,latest_before_kickoff,home,0.5512766428671202,medium,dynamic,0.8142857142857143,1.51,0.76,0,-1.0
94547,dashboard-2026-06-17T09-35-02-160Z:schedule-760444,schedule-760444,home,moneyline,巴西胜,0.5512766428671202,,0.885,Polymarket,-0.3337233571328798,0.5162766428671202,1.1299435028248588,0.12994350282485878,-769.5652173913044,回避,AVOID_OR_SELL,1,3555.8149,4017.87,{},巴西,海地,2026-06-20T00:30:00.000Z,modelled_group_window,latest_before_kickoff,home,0.5512766428671202,medium,dynamic,0.8142857142857143,1.51,0.76,1,0.12994350282485878
94550,dashboard-2026-06-17T09-35-02-160Z:schedule-760444,schedule-760444,over25,total,大于 2.5 球,0.3959905047531589,,0.705,Polymarket,-0.30900949524684107,0.36099050475315886,1.4184397163120568,0.4184397163120568,-238.9830508474576,回避,AVOID_OR_SELL,3,413.3696,586.34,{},巴西,海地,2026-06-20T00:30:00.000Z,modelled_group_window,latest_before_kickoff,home,0.5512766428671202,medium,dynamic,0.8142857142857143,1.51,0.76,1,0.4184397163120568
94546,dashboard-2026-06-17T09-35-02-160Z:schedule-760444,schedule-760444,under25,total,小于 2.5 球,0.6040094952468411,,0.295,Polymarket,0.3090094952468411,0.5690094952468411,3.3898305084745766,2.3898305084745766,238.98305084745763,低置信观察,WATCH,1,932.0524,3159.5,{},巴西,海地,2026-06-20T00:30:00.000Z,modelled_group_window,latest_before_kickoff,home,0.5512766428671202,medium,dynamic,0.8142857142857143,1.51,0.76,0,-1.0
94540,dashboard-2026-06-17T09-35-02-160Z:schedule-760445,schedule-760445,schedule-760445-auto-handicap-away,handicap,摩洛哥 受让 0.5 球,0.6464571928867653,0.0,0.62,本地盘口快照,0.02645719288676529,0.6114571928867653,1.6129032258064517,0.6129032258064517,-163.1578947368421,观察价格,WATCH,0,0.0,0.0,{},苏格兰,摩洛哥,2026-06-19T22:00:00.000Z,modelled_group_window,latest_before_kickoff,home,0.3535427593363923,medium,dynamic,0.8142857142857143,1.09,1.09,1,0.6129032258064517
94543,dashboard-2026-06-17T09-35-02-160Z:schedule-760445,schedule-760445,schedule-760445-auto-handicap-home,handicap,苏格兰 让 0.5 球,0.3535427593363922,0.0,0.34,本地盘口快照,0.013542759336392152,0.3185427593363922,2.941176470588235,1.941176470588235,194.11764705882348,无明确信号,NO_TRADE,0,0.0,0.0,{},苏格兰,摩洛哥,2026-06-19T22:00:00.000Z,modelled_group_window,latest_before_kickoff,home,0.3535427593363923,medium,dynamic,0.8142857142857143,1.09,1.09,0,-1.0
94542,dashboard-2026-06-17T09-35-02-160Z:schedule-760445,schedule-760445,away,moneyline,摩洛哥胜,0.35354275933639223,,0.565,Polymarket,-0.21145724066360772,0.3185427593363922,1.7699115044247788,0.7699115044247788,-129.88505747126433,回避,AVOID_OR_SELL,1,877.832,1553.96,{},苏格兰,摩洛哥,2026-06-19T22:00:00.000Z,modelled_group_window,latest_before_kickoff,home,0.3535427593363923,medium,dynamic,0.8142857142857143,1.09,1.09,1,0.7699115044247788
94544,dashboard-2026-06-17T09-35-02-160Z:schedule-760445,schedule-760445,draw,moneyline,平局,0.29291443355037294,,0.265,Polymarket,0.02791443355037293,0.2579144335503729,3.773584905660377,2.773584905660377,277.35849056603774,观察价格,WATCH,0,0.0,0.0,{},苏格兰,摩洛哥,2026-06-19T22:00:00.000Z,modelled_group_window,latest_before_kickoff,home,0.3535427593363923,medium,dynamic,0.8142857142857143,1.09,1.09,0,-1.0
94541,dashboard-2026-06-17T09-35-02-160Z:schedule-760445,schedule-760445,home,moneyline,苏格兰胜,0.3535427593363923,,0.175,Polymarket,0.1785427593363923,0.3185427593363923,5.714285714285714,4.714285714285714,471.42857142857144,低置信观察,WATCH,0,0.0,0.0,{},苏格兰,摩洛哥,2026-06-19T22:00:00.000Z,modelled_group_window,latest_before_kickoff,home,0.3535427593363923,medium,dynamic,0.8142857142857143,1.09,1.09,0,-1.0
94545,dashboard-2026-06-17T09-35-02-160Z:schedule-760445,schedule-760445,over25,total,大于 2.5 球,0.3719186474555324,,0.415,Polymarket,-0.0430813525444676,0.33691864745553235,2.4096385542168677,1.4096385542168677,140.96385542168676,回避,AVOID_OR_SELL,1,348.5875,839.97,{},苏格兰,摩洛哥,2026-06-19T22:00:00.000Z,modelled_group_window,latest_before_kickoff,home,0.3535427593363923,medium,dynamic,0.8142857142857143,1.09,1.09,0,-1.0
94539,dashboard-2026-06-17T09-35-02-160Z:schedule-760445,schedule-760445,under25,total,小于 2.5 球,0.6280813525444676,,0.585,Polymarket,0.043081352544467655,0.5930813525444676,1.7094017094017095,0.7094017094017095,-140.96385542168673,低置信观察,WATCH,1,203.0577,347.1072,{},苏格兰,摩洛哥,2026-06-19T22:00:00.000Z,modelled_group_window,latest_before_kickoff,home,0.3535427593363923,medium,dynamic,0.8142857142857143,1.09,1.09,1,0.7094017094017095
99385,dashboard-2026-07-02T22-57-50-856Z:schedule-760496,schedule-760496,advance-away,advance,克罗地亚晋级,0.3368571470732479,,0.27625,Polymarket,0.06060714707324788,0.30185714707324784,3.6199095022624435,2.6199095022624435,261.99095022624437,低置信观察,WATCH,0,0.0,0.0,{},葡萄牙,克罗地亚,2026-07-02T23:00:00.000Z,knockout_early,latest_before_kickoff,advance-home,0.6631428529267521,medium,dynamic,0.8142857142857143,1.536,0.864,0,-1.0
99395,dashboard-2026-07-02T22-57-50-856Z:schedule-760496,schedule-760496,advance-home,advance,葡萄牙晋级,0.6631428529267521,,0.72375,Polymarket,-0.06060714707324788,0.6281428529267521,1.381692573402418,0.3816925734024179,-261.99095022624437,回避,AVOID_OR_SELL,2,75817.4753,105774.2061,{},葡萄牙,克罗地亚,2026-07-02T23:00:00.000Z,knockout_early,latest_before_kickoff,advance-home,0.6631428529267521,medium,dynamic,0.8142857142857143,1.536,0.864,1,0.3816925734024179
99386,dashboard-2026-07-02T22-57-50-856Z:schedule-760496,schedule-760496,bttsNo,btts,不是两队都有进球,0.5311754465250476,,0.425,Polymarket,0.10617544652504757,0.47117544652504756,2.3529411764705883,1.3529411764705883,135.2941176470588,复盘降级观察,WATCH,0,0.0,0.0,{},葡萄牙,克罗地亚,2026-07-02T23:00:00.000Z,knockout_early,latest_before_kickoff,advance-home,0.6631428529267521,medium,dynamic,0.8142857142857143,1.536,0.864,0,-1.0
99392,dashboard-2026-07-02T22-57-50-856Z:schedule-760496,schedule-760496,bttsYes,btts,两队都有进球,0.4688245534749525,,0.575,Polymarket,-0.10617544652504746,0.4338245534749525,1.7391304347826089,0.7391304347826089,-135.29411764705878,回避,AVOID_OR_SELL,0,0.0,0.0,{},葡萄牙,克罗地亚,2026-07-02T23:00:00.000Z,knockout_early,latest_before_kickoff,advance-home,0.6631428529267521,medium,dynamic,0.8142857142857143,1.536,0.864,1,0.7391304347826089
99390,dashboard-2026-07-02T22-57-50-856Z:schedule-760496,schedule-760496,schedule-760496-auto-handicap-away,handicap,克罗地亚 受让 0.5 球,0.48943100728281935,0.0,0.47,本地盘口快照,0.01943100728281938,0.42943100728281935,2.127659574468085,1.127659574468085,112.76595744680851,复盘降级不买,NO_TRADE,0,0.0,0.0,{},葡萄牙,克罗地亚,2026-07-02T23:00:00.000Z,knockout_early,latest_before_kickoff,advance-home,0.6631428529267521,medium,dynamic,0.8142857142857143,1.536,0.864,0,-1.0
99389,dashboard-2026-07-02T22-57-50-856Z:schedule-760496,schedule-760496,schedule-760496-auto-handicap-home,handicap,葡萄牙 让 0.5 球,0.5105689927171806,0.0,0.49,本地盘口快照,0.0205689927171806,0.4705689927171806,2.0408163265306123,1.0408163265306123,104.08163265306122,复盘降级不买,NO_TRADE,0,0.0,0.0,{},葡萄牙,克罗地亚,2026-07-02T23:00:00.000Z,knockout_early,latest_before_kickoff,advance-home,0.6631428529267521,medium,dynamic,0.8142857142857143,1.536,0.864,1,1.0408163265306123
99394,dashboard-2026-07-02T22-57-50-856Z:schedule-760496,schedule-760496,away,moneyline,克罗地亚胜,0.21846976398442314,,0.16125,Polymarket,0.05721976398442313,0.15846976398442314,6.201550387596899,5.201550387596899,520.1550387596899,复盘降级不买,NO_TRADE,0,0.0,0.0,{},葡萄牙,克罗地亚,2026-07-02T23:00:00.000Z,knockout_early,latest_before_kickoff,advance-home,0.6631428529267521,medium,dynamic,0.8142857142857143,1.536,0.864,0,-1.0
99393,dashboard-2026-07-02T22-57-50-856Z:schedule-760496,schedule-760496,draw,moneyline,平局,0.2709612432983962,,0.26375,Polymarket,0.0072112432983962305,0.2359612432983962,3.7914691943127963,2.7914691943127963,279.1469194312796,无明确信号,NO_TRADE,3,88023.0707,338098.73120000004,{},葡萄牙,克罗地亚,2026-07-02T23:00:00.000Z,knockout_early,latest_before_kickoff,advance-home,0.6631428529267521,medium,dynamic,0.8142857142857143,1.536,0.864,0,-1.0
99388,dashboard-2026-07-02T22-57-50-856Z:schedule-760496,schedule-760496,home,moneyline,葡萄牙胜,0.5105689927171806,,0.57375,Polymarket,-0.06318100728281939,0.47556899271718056,1.7429193899782136,0.7429193899782136,-134.6041055718475,回避,AVOID_OR_SELL,1,77944.9878,144910.0805,{},葡萄牙,克罗地亚,2026-07-02T23:00:00.000Z,knockout_early,latest_before_kickoff,advance-home,0.6631428529267521,medium,dynamic,0.8142857142857143,1.536,0.864,1,0.7429193899782136
99387,dashboard-2026-07-02T22-57-50-856Z:schedule-760496,schedule-760496,over25,total,大于 2.5 球,0.44093802619972855,,0.93875,Polymarket,-0.4978119738002714,0.4059380261997285,1.0652463382157125,0.06524633821571246,-1532.6530612244892,回避,AVOID_OR_SELL,1,11849.118,12622.9019,{},葡萄牙,克罗地亚,2026-07-02T23:00:00.000Z,knockout_early,latest_before_kickoff,advance-home,0.6631428529267521,medium,dynamic,0.8142857142857143,1.536,0.864,1,0.06524633821571246
99391,dashboard-2026-07-02T22-57-50-856Z:schedule-760496,schedule-760496,under25,total,小于 2.5 球,0.5590619738002715,,0.06125,Polymarket,0.4978119738002714,0.49906197380027145,16.3265306122449,15.326530612244898,1532.6530612244899,复盘降级观察,WATCH,2,1480.9495,24198.5235,{},葡萄牙,克罗地亚,2026-07-02T23:00:00.000Z,knockout_early,latest_before_kickoff,advance-home,0.6631428529267521,medium,dynamic,0.8142857142857143,1.536,0.864,0,-1.0
98384,dashboard-2026-07-02T18-02-03-800Z:schedule-760497,schedule-760497,advance-away,advance,奥地利晋级,0.16587996114745535,,0.1225,Polymarket,0.04337996114745535,0.12587996114745534,8.16326530612245,7.163265306122449,716.3265306122449,复盘降级观察,WATCH,0,0.0,0.0,{},西班牙,奥地利,2026-07-02T19:00:00.000Z,knockout_early,latest_before_kickoff,advance-home,0.8341200388525447,medium,dynamic,0.8142857142857143,2.08,0.533,0,-1.0
98394,dashboard-2026-07-02T18-02-03-800Z:schedule-760497,schedule-760497,advance-home,advance,西班牙晋级,0.8341200388525447,,0.8775,Polymarket,-0.04337996114745524,0.7991200388525447,1.1396011396011396,0.13960113960113962,-716.3265306122446,回避,AVOID_OR_SELL,1,131581.8657,149950.8441,{},西班牙,奥地利,2026-07-02T19:00:00.000Z,knockout_early,latest_before_kickoff,advance-home,0.8341200388525447,medium,dynamic,0.8142857142857143,2.08,0.533,1,0.13960113960113962
98391,dashboard-2026-07-02T18-02-03-800Z:schedule-760497,schedule-760497,bttsNo,btts,不是两队都有进球,0.6060700888546671,,0.545,Polymarket,0.061070088854667026,0.571070088854667,1.8348623853211008,0.8348623853211008,-119.78021978021981,低置信观察,WATCH,0,0.0,0.0,{},西班牙,奥地利,2026-07-02T19:00:00.000Z,knockout_early,latest_before_kickoff,advance-home,0.8341200388525447,medium,dynamic,0.8142857142857143,2.08,0.533,1,0.8348623853211008
98386,dashboard-2026-07-02T18-02-03-800Z:schedule-760497,schedule-760497,bttsYes,btts,两队都有进球,0.393929911145333,,0.455,Polymarket,-0.061070088854667026,0.358929911145333,2.1978021978021975,1.1978021978021975,119.78021978021977,回避,AVOID_OR_SELL,0,0.0,0.0,{},西班牙,奥地利,2026-07-02T19:00:00.000Z,knockout_early,latest_before_kickoff,advance-home,0.8341200388525447,medium,dynamic,0.8142857142857143,2.08,0.533,0,-1.0
98385,dashboard-2026-07-02T18-02-03-800Z:schedule-760497,schedule-760497,schedule-760497-auto-handicap-away,handicap,奥地利 受让 1.5 球,0.536393154743397,0.0,0.5,本地盘口快照,0.036393154743396994,0.496393154743397,2.0,1.0,-100.0,复盘降级观察,WATCH,0,0.0,0.0,{},西班牙,奥地利,2026-07-02T19:00:00.000Z,knockout_early,latest_before_kickoff,advance-home,0.8341200388525447,medium,dynamic,0.8142857142857143,2.08,0.533,0,-1.0
98392,dashboard-2026-07-02T18-02-03-800Z:schedule-760497,schedule-760497,schedule-760497-auto-handicap-home,handicap,西班牙 让 1.5 球,0.46360684525660306,0.0,0.52125,Polymarket,-0.05764315474339693,0.4286068452566031,1.9184652278177459,0.9184652278177459,-108.87728459530025,回避,AVOID_OR_SELL,4,1105220.6515999998,2120530.7978,{},西班牙,奥地利,2026-07-02T19:00:00.000Z,knockout_early,latest_before_kickoff,advance-home,0.8341200388525447,medium,dynamic,0.8142857142857143,2.08,0.533,1,0.9184652278177459
98393,dashboard-2026-07-02T18-02-03-800Z:schedule-760497,schedule-760497,away,moneyline,奥地利胜,0.09113929606954138,,0.07125,Polymarket,0.019889296069541387,0.05613929606954138,14.035087719298247,13.035087719298247,1303.5087719298247,无明确信号,NO_TRADE,0,0.0,0.0,{},西班牙,奥地利,2026-07-02T19:00:00.000Z,knockout_early,latest_before_kickoff,advance-home,0.8341200388525447,medium,dynamic,0.8142857142857143,2.08,0.533,0,-1.0
98389,dashboard-2026-07-02T18-02-03-800Z:schedule-760497,schedule-760497,draw,moneyline,平局,0.19288470635704055,,0.16625,Polymarket,0.026634706357040544,0.15788470635704055,6.015037593984962,5.015037593984962,501.5037593984962,无明确信号,NO_TRADE,0,0.0,0.0,{},西班牙,奥地利,2026-07-02T19:00:00.000Z,knockout_early,latest_before_kickoff,advance-home,0.8341200388525447,medium,dynamic,0.8142857142857143,2.08,0.533,0,-1.0
98388,dashboard-2026-07-02T18-02-03-800Z:schedule-760497,schedule-760497,home,moneyline,西班牙胜,0.7159759975734181,,0.75875,Polymarket,-0.042774002426581914,0.6809759975734181,1.3179571663920921,0.31795716639209215,-314.50777202072544,回避,AVOID_OR_SELL,2,204758.5154,269880.73730000004,{},西班牙,奥地利,2026-07-02T19:00:00.000Z,knockout_early,latest_before_kickoff,advance-home,0.8341200388525447,medium,dynamic,0.8142857142857143,2.08,0.533,1,0.31795716639209215
98390,dashboard-2026-07-02T18-02-03-800Z:schedule-760497,schedule-760497,over25,total,大于 2.5 球,0.4864495772644424,,0.745,Polymarket,-0.2585504227355576,0.45144957726444235,1.342281879194631,0.34228187919463093,-292.156862745098,回避,AVOID_OR_SELL,0,0.0,0.0,{},西班牙,奥地利,2026-07-02T19:00:00.000Z,knockout_early,latest_before_kickoff,advance-home,0.8341200388525447,medium,dynamic,0.8142857142857143,2.08,0.533,1,0.34228187919463093
98387,dashboard-2026-07-02T18-02-03-800Z:schedule-760497,schedule-760497,under25,total,小于 2.5 球,0.5135504227355576,,0.255,Polymarket,0.2585504227355576,0.4535504227355576,3.9215686274509802,2.9215686274509802,292.156862745098,复盘降级观察,WATCH,0,0.0,0.0,{},西班牙,奥地利,2026-07-02T19:00:00.000Z,knockout_early,latest_before_kickoff,advance-home,0.8341200388525447,medium,dynamic,0.8142857142857143,2.08,0.533,0,-1.0
100858,dashboard-2026-07-03T02-36-54-332Z:schedule-760498,schedule-760498,advance-away,advance,阿尔及利亚晋级,0.28486724098580285,,0.33375,Polymarket,-0.04888275901419714,0.24986724098580285,2.9962546816479403,1.9962546816479403,199.625468164794,回避,AVOID_OR_SELL,1,10749.6349,42680.44,{},瑞士,阿尔及利亚,2026-07-03T03:00:00.000Z,knockout_early,latest_before_kickoff,advance-home,0.7151327590141972,medium,dynamic,0.8142857142857143,1.71,0.775,0,-1.0
100848,dashboard-2026-07-03T02-36-54-332Z:schedule-760498,schedule-760498,advance-home,advance,瑞士晋级,0.7151327590141972,,0.66625,Polymarket,0.04888275901419714,0.6751327590141971,1.5009380863039399,0.5009380863039399,-199.625468164794,复盘降级观察,WATCH,0,0.0,0.0,{},瑞士,阿尔及利亚,2026-07-03T03:00:00.000Z,knockout_early,latest_before_kickoff,advance-home,0.7151327590141972,medium,dynamic,0.8142857142857143,1.71,0.775,1,0.5009380863039399
100851,dashboard-2026-07-03T02-36-54-332Z:schedule-760498,schedule-760498,bttsNo,btts,不是两队都有进球,0.543122509897388,,0.475,Polymarket,0.068122509897388,0.483122509897388,2.1052631578947367,1.1052631578947367,110.52631578947368,复盘降级观察,WATCH,0,0.0,0.0,{},瑞士,阿尔及利亚,2026-07-03T03:00:00.000Z,knockout_early,latest_before_kickoff,advance-home,0.7151327590141972,medium,dynamic,0.8142857142857143,1.71,0.775,1,1.1052631578947367
100854,dashboard-2026-07-03T02-36-54-332Z:schedule-760498,schedule-760498,bttsYes,btts,两队都有进球,0.45687749010261197,,0.525,Polymarket,-0.06812250989738805,0.421877490102612,1.9047619047619047,0.9047619047619047,-110.52631578947368,回避,AVOID_OR_SELL,1,11552.982,22005.68,{},瑞士,阿尔及利亚,2026-07-03T03:00:00.000Z,knockout_early,latest_before_kickoff,advance-home,0.7151327590141972,medium,dynamic,0.8142857142857143,1.71,0.775,0,-1.0
100849,dashboard-2026-07-03T02-36-54-332Z:schedule-760498,schedule-760498,schedule-760498-auto-handicap-away,handicap,阿尔及利亚 受让 1.5 球,0.677606899925732,0.0,0.65,本地盘口快照,0.027606899925731954,0.6376068999257319,1.5384615384615383,0.5384615384615383,-185.71428571428572,复盘降级不买,NO_TRADE,0,0.0,0.0,{},瑞士,阿尔及利亚,2026-07-03T03:00:00.000Z,knockout_early,latest_before_kickoff,advance-home,0.7151327590141972,medium,dynamic,0.8142857142857143,1.71,0.775,0,-1.0
100856,dashboard-2026-07-03T02-36-54-332Z:schedule-760498,schedule-760498,schedule-760498-auto-handicap-home,handicap,瑞士 让 1.5 球,0.32239310007426725,0.0,0.24125,Polymarket,0.08114310007426725,0.26239310007426725,4.145077720207254,3.1450777202072544,314.5077720207254,复盘降级观察,WATCH,0,0.0,0.0,{},瑞士,阿尔及利亚,2026-07-03T03:00:00.000Z,knockout_early,latest_before_kickoff,advance-home,0.7151327590141972,medium,dynamic,0.8142857142857143,1.71,0.775,1,3.1450777202072544
100857,dashboard-2026-07-03T02-36-54-332Z:schedule-760498,schedule-760498,away,moneyline,阿尔及利亚胜,0.18547882259723883,,0.21125,Polymarket,-0.025771177402761164,0.15047882259723883,4.733727810650888,3.7337278106508878,373.37278106508876,无明确信号,NO_TRADE,0,0.0,0.0,{},瑞士,阿尔及利亚,2026-07-03T03:00:00.000Z,knockout_early,latest_before_kickoff,advance-home,0.7151327590141972,medium,dynamic,0.8142857142857143,1.71,0.775,0,-1.0
100853,dashboard-2026-07-03T02-36-54-332Z:schedule-760498,schedule-760498,draw,moneyline,平局,0.24693094077493158,,0.30375,Polymarket,-0.05681905922506844,0.21193094077493158,3.2921810699588474,2.2921810699588474,229.21810699588477,回避,AVOID_OR_SELL,0,0.0,0.0,{},瑞士,阿尔及利亚,2026-07-03T03:00:00.000Z,knockout_early,latest_before_kickoff,advance-home,0.7151327590141972,medium,dynamic,0.8142857142857143,1.71,0.775,0,-1.0
100852,dashboard-2026-07-03T02-36-54-332Z:schedule-760498,schedule-760498,home,moneyline,瑞士胜,0.5675902366278297,,0.48875,Polymarket,0.07884023662782969,0.5075902366278298,2.0460358056265986,1.0460358056265986,104.60358056265984,复盘降级观察,WATCH,0,0.0,0.0,{},瑞士,阿尔及利亚,2026-07-03T03:00:00.000Z,knockout_early,latest_before_kickoff,advance-home,0.7151327590141972,medium,dynamic,0.8142857142857143,1.71,0.775,1,1.0460358056265986
100855,dashboard-2026-07-03T02-36-54-332Z:schedule-760498,schedule-760498,over25,total,大于 2.5 球,0.46353517723757565,,0.90875,Polymarket,-0.4452148227624243,0.4285351772375756,1.1004126547455297,0.10041265474552974,-995.8904109589035,回避,AVOID_OR_SELL,0,0.0,0.0,{},瑞士,阿尔及利亚,2026-07-03T03:00:00.000Z,knockout_early,latest_before_kickoff,advance-home,0.7151327590141972,medium,dynamic,0.8142857142857143,1.71,0.775,0,-1.0
100850,dashboard-2026-07-03T02-36-54-332Z:schedule-760498,schedule-760498,under25,total,小于 2.5 球,0.5364648227624244,,0.09125,Polymarket,0.44521482276242436,0.47646482276242436,10.95890410958904,9.95890410958904,995.8904109589041,复盘降级观察,WATCH,0,0.0,0.0,{},瑞士,阿尔及利亚,2026-07-03T03:00:00.000Z,knockout_early,latest_before_kickoff,advance-home,0.7151327590141972,medium,dynamic,0.8142857142857143,1.71,0.775,1,9.95890410958904
105104,dashboard-2026-07-03T17-56-27-011Z:schedule-760499,schedule-760499,advance-away,advance,埃及晋级,0.5174224288912417,,0.605,Polymarket,-0.0875775711087583,0.48242242889124165,1.6528925619834711,0.6528925619834711,-153.1645569620253,回避,AVOID_OR_SELL,1,14558.8484,24468.6528,{},澳大利亚,埃及,2026-07-03T18:00:00.000Z,knockout_early,latest_before_kickoff,advance-away,0.5174224288912417,medium,dynamic,0.8142857142857143,1.073,1.108,1,0.6528925619834711
105094,dashboard-2026-07-03T17-56-27-011Z:schedule-760499,schedule-760499,advance-home,advance,澳大利亚晋级,0.4825775711087584,,0.395,Polymarket,0.08757757110875836,0.4475775711087584,2.531645569620253,1.531645569620253,153.1645569620253,低置信观察,WATCH,0,0.0,0.0,{},澳大利亚,埃及,2026-07-03T18:00:00.000Z,knockout_early,latest_before_kickoff,advance-away,0.5174224288912417,medium,dynamic,0.8142857142857143,1.073,1.108,0,-1.0
105097,dashboard-2026-07-03T17-56-27-011Z:schedule-760499,schedule-760499,bttsNo,btts,不是两队都有进球,0.5456232374227814,,0.545,Polymarket,0.0006232374227813642,0.5106232374227814,1.8348623853211008,0.8348623853211008,-119.78021978021981,无明确信号,NO_TRADE,0,0.0,0.0,{},澳大利亚,埃及,2026-07-03T18:00:00.000Z,knockout_early,latest_before_kickoff,advance-away,0.5174224288912417,medium,dynamic,0.8142857142857143,1.073,1.108,0,-1.0
105098,dashboard-2026-07-03T17-56-27-011Z:schedule-760499,schedule-760499,bttsYes,btts,两队都有进球,0.4543767625772186,,0.455,Polymarket,-0.0006232374227814197,0.41937676257721856,2.1978021978021975,1.1978021978021975,119.78021978021977,无明确信号,NO_TRADE,0,0.0,0.0,{},澳大利亚,埃及,2026-07-03T18:00:00.000Z,knockout_early,latest_before_kickoff,advance-away,0.5174224288912417,medium,dynamic,0.8142857142857143,1.073,1.108,1,1.1978021978021975
105095,dashboard-2026-07-03T17-56-27-011Z:schedule-760499,schedule-760499,schedule-760499-auto-handicap-away,handicap,埃及 受让 0.5 球,0.6727863589883328,0.0,0.64,本地盘口快照,0.03278635898833282,0.6127863589883329,1.5625,0.5625,-177.77777777777777,复盘降级不买,NO_TRADE,0,0.0,0.0,{},澳大利亚,埃及,2026-07-03T18:00:00.000Z,knockout_early,latest_before_kickoff,advance-away,0.5174224288912417,medium,dynamic,0.8142857142857143,1.073,1.108,1,0.5625
105103,dashboard-2026-07-03T17-56-27-011Z:schedule-760499,schedule-760499,schedule-760499-auto-handicap-home,handicap,澳大利亚 让 0.5 球,0.32721364101166717,0.0,0.32,本地盘口快照,0.00721364101166716,0.2872136410116672,3.125,2.125,212.5,复盘降级不买,NO_TRADE,0,0.0,0.0,{},澳大利亚,埃及,2026-07-03T18:00:00.000Z,knockout_early,latest_before_kickoff,advance-away,0.5174224288912417,medium,dynamic,0.8142857142857143,1.073,1.108,0,-1.0
105101,dashboard-2026-07-03T17-56-27-011Z:schedule-760499,schedule-760499,away,moneyline,埃及胜,0.37016346736511474,,0.385,Polymarket,-0.014836532634885269,0.3351634673651147,2.5974025974025974,1.5974025974025974,159.74025974025975,无明确信号,NO_TRADE,2,44344.557499999995,122026.52859999999,{},澳大利亚,埃及,2026-07-03T18:00:00.000Z,knockout_early,latest_before_kickoff,advance-away,0.5174224288912417,medium,dynamic,0.8142857142857143,1.073,1.108,0,-1.0
105100,dashboard-2026-07-03T17-56-27-011Z:schedule-760499,schedule-760499,draw,moneyline,平局,0.3026228916232181,,0.345,Polymarket,-0.04237710837678188,0.26762289162321806,2.8985507246376816,1.8985507246376816,189.85507246376812,回避,AVOID_OR_SELL,1,32841.9539,98035.6833,{},澳大利亚,埃及,2026-07-03T18:00:00.000Z,knockout_early,latest_before_kickoff,advance-away,0.5174224288912417,medium,dynamic,0.8142857142857143,1.073,1.108,1,1.8985507246376816
105102,dashboard-2026-07-03T17-56-27-011Z:schedule-760499,schedule-760499,home,moneyline,澳大利亚胜,0.32721364101166717,,0.255,Polymarket,0.07221364101166716,0.26721364101166717,3.9215686274509802,2.9215686274509802,292.156862745098,复盘降级观察,WATCH,0,0.0,0.0,{},澳大利亚,埃及,2026-07-03T18:00:00.000Z,knockout_early,latest_before_kickoff,advance-away,0.5174224288912417,medium,dynamic,0.8142857142857143,1.073,1.108,0,-1.0
105099,dashboard-2026-07-03T17-56-27-011Z:schedule-760499,schedule-760499,over25,total,大于 2.5 球,0.38362363788536236,,0.875,Polymarket,-0.49137636211463764,0.3486236378853623,1.1428571428571428,0.1428571428571428,-700.0,回避,AVOID_OR_SELL,0,0.0,0.0,{},澳大利亚,埃及,2026-07-03T18:00:00.000Z,knockout_early,latest_before_kickoff,advance-away,0.5174224288912417,medium,dynamic,0.8142857142857143,1.073,1.108,0,-1.0
105096,dashboard-2026-07-03T17-56-27-011Z:schedule-760499,schedule-760499,under25,total,小于 2.5 球,0.6163763621146376,,0.125,Polymarket,0.49137636211463764,0.5763763621146376,8.0,7.0,700.0,复盘降级观察,WATCH,1,3544.2245,53801.1151,{},澳大利亚,埃及,2026-07-03T18:00:00.000Z,knockout_early,latest_before_kickoff,advance-away,0.5174224288912417,medium,dynamic,0.8142857142857143,1.073,1.108,1,7.0
106343,dashboard-2026-07-03T21-56-27-453Z:schedule-760500,schedule-760500,advance-away,advance,佛得角晋级,0.07777555390616361,,0.065,Polymarket,0.012775553906163611,0.04277555390616361,15.384615384615383,14.384615384615383,1438.4615384615383,无明确信号,NO_TRADE,1,39004.1374,520055.1659,{},阿根廷,佛得角,2026-07-03T22:00:00.000Z,knockout_early,latest_before_kickoff,advance-home,0.9222244460938365,medium,dynamic,0.8142857142857143,2.582,0.219,0,-1.0
106347,dashboard-2026-07-03T21-56-27-453Z:schedule-760500,schedule-760500,advance-home,advance,阿根廷晋级,0.9222244460938365,,0.935,Polymarket,-0.012775553906163584,0.8872244460938364,1.06951871657754,0.06951871657753994,-1438.4615384615397,无明确信号,NO_TRADE,0,0.0,0.0,{},阿根廷,佛得角,2026-07-03T22:00:00.000Z,knockout_early,latest_before_kickoff,advance-home,0.9222244460938365,medium,dynamic,0.8142857142857143,2.582,0.219,1,0.06951871657753994
106338,dashboard-2026-07-03T21-56-27-453Z:schedule-760500,schedule-760500,bttsNo,btts,不是两队都有进球,0.8098589136636313,,0.685,Polymarket,0.12485891366363122,0.7748589136636312,1.4598540145985401,0.45985401459854014,-217.4603174603175,低置信观察,WATCH,0,0.0,0.0,{},阿根廷,佛得角,2026-07-03T22:00:00.000Z,knockout_early,latest_before_kickoff,advance-home,0.9222244460938365,medium,dynamic,0.8142857142857143,2.582,0.219,0,-1.0
106344,dashboard-2026-07-03T21-56-27-453Z:schedule-760500,schedule-760500,bttsYes,btts,两队都有进球,0.19014108633636875,,0.315,Polymarket,-0.12485891366363125,0.15514108633636875,3.1746031746031744,2.1746031746031744,217.46031746031747,回避,AVOID_OR_SELL,0,0.0,0.0,{},阿根廷,佛得角,2026-07-03T22:00:00.000Z,knockout_early,latest_before_kickoff,advance-home,0.9222244460938365,medium,dynamic,0.8142857142857143,2.582,0.219,1,2.1746031746031744
106342,dashboard-2026-07-03T21-56-27-453Z:schedule-760500,schedule-760500,schedule-760500-auto-handicap-away,handicap,佛得角 受让 1.5 球,0.33691046525353674,0.0,0.32,本地盘口快照,0.016910465253536733,0.29691046525353676,3.125,2.125,212.5,复盘降级不买,NO_TRADE,0,0.0,0.0,{},阿根廷,佛得角,2026-07-03T22:00:00.000Z,knockout_early,latest_before_kickoff,advance-home,0.9222244460938365,medium,dynamic,0.8142857142857143,2.582,0.219,1,2.125
106339,dashboard-2026-07-03T21-56-27-453Z:schedule-760500,schedule-760500,schedule-760500-auto-handicap-home,handicap,阿根廷 让 1.5 球,0.6630895347464645,0.0,0.675,Polymarket,-0.011910465253535563,0.6280895347464645,1.4814814814814814,0.4814814814814814,-207.6923076923077,无明确信号,NO_TRADE,0,0.0,0.0,{},阿根廷,佛得角,2026-07-03T22:00:00.000Z,knockout_early,latest_before_kickoff,advance-home,0.9222244460938365,medium,dynamic,0.8142857142857143,2.582,0.219,0,-1.0
106346,dashboard-2026-07-03T21-56-27-453Z:schedule-760500,schedule-760500,away,moneyline,佛得角胜,0.038800739412243324,,0.0335,Polymarket,0.005300739412243322,0.01,29.850746268656714,28.850746268656714,2885.0746268656717,无明确信号,NO_TRADE,1,135.2489,28526.4705,{},阿根廷,佛得角,2026-07-03T22:00:00.000Z,knockout_early,latest_before_kickoff,advance-home,0.9222244460938365,medium,dynamic,0.8142857142857143,2.582,0.219,0,-1.0
106345,dashboard-2026-07-03T21-56-27-453Z:schedule-760500,schedule-760500,draw,moneyline,平局,0.10256530129979023,,0.105,Polymarket,-0.002434698700209764,0.06756530129979023,9.523809523809524,8.523809523809524,852.3809523809524,无明确信号,NO_TRADE,0,0.0,0.0,{},阿根廷,佛得角,2026-07-03T22:00:00.000Z,knockout_early,latest_before_kickoff,advance-home,0.9222244460938365,medium,dynamic,0.8142857142857143,2.582,0.219,0,-1.0
106337,dashboard-2026-07-03T21-56-27-453Z:schedule-760500,schedule-760500,home,moneyline,阿根廷胜,0.8586339592879665,,0.865,Polymarket,-0.006366040712033505,0.8236339592879665,1.1560693641618498,0.1560693641618498,-640.7407407407406,无明确信号,NO_TRADE,0,0.0,0.0,{},阿根廷,佛得角,2026-07-03T22:00:00.000Z,knockout_early,latest_before_kickoff,advance-home,0.9222244460938365,medium,dynamic,0.8142857142857143,2.582,0.219,1,0.1560693641618498
106341,dashboard-2026-07-03T21-56-27-453Z:schedule-760500,schedule-760500,over25,total,大于 2.5 球,0.5389518897772688,,0.959,Polymarket,-0.42004811022273114,0.5039518897772688,1.0427528675703859,0.04275286757038588,-2339.0243902439,回避,AVOID_OR_SELL,1,400.4439,418.0,{},阿根廷,佛得角,2026-07-03T22:00:00.000Z,knockout_early,latest_before_kickoff,advance-home,0.9222244460938365,medium,dynamic,0.8142857142857143,2.582,0.219,1,0.04275286757038588
106340,dashboard-2026-07-03T21-56-27-453Z:schedule-760500,schedule-760500,under25,total,小于 2.5 球,0.4610481102227312,,0.041,Polymarket,0.4200481102227312,0.4010481102227312,24.390243902439025,23.390243902439025,2339.024390243902,复盘降级观察,WATCH,1,797.664,18992.0,{},阿根廷,佛得角,2026-07-03T22:00:00.000Z,knockout_early,latest_before_kickoff,advance-home,0.9222244460938365,medium,dynamic,0.8142857142857143,2.582,0.219,0,-1.0
107360,dashboard-2026-07-04T01-20-05-824Z:schedule-760501,schedule-760501,advance-away,advance,加纳晋级,0.31776290829291537,,0.195,Polymarket,0.12276290829291536,0.2827629082929154,5.128205128205128,4.128205128205128,412.8205128205128,低置信观察,WATCH,1,14267.6445,77122.4031,{},哥伦比亚,加纳,2026-07-04T01:30:00.000Z,knockout_early,latest_before_kickoff,advance-home,0.6822370917070847,medium,dynamic,0.6714285714285715,1.524,0.803,0,-1.0
107370,dashboard-2026-07-04T01-20-05-824Z:schedule-760501,schedule-760501,advance-home,advance,哥伦比亚晋级,0.6822370917070847,,0.805,Polymarket,-0.12276290829291536,0.6472370917070847,1.2422360248447204,0.2422360248447204,-412.82051282051293,回避,AVOID_OR_SELL,0,0.0,0.0,{},哥伦比亚,加纳,2026-07-04T01:30:00.000Z,knockout_early,latest_before_kickoff,advance-home,0.6822370917070847,medium,dynamic,0.6714285714285715,1.524,0.803,1,0.2422360248447204
107361,dashboard-2026-07-04T01-20-05-824Z:schedule-760501,schedule-760501,bttsNo,btts,不是两队都有进球,0.5532233509872087,,0.565,Polymarket,-0.011776649012791296,0.5182233509872086,1.7699115044247788,0.7699115044247788,-129.88505747126433,无明确信号,NO_TRADE,0,0.0,0.0,{},哥伦比亚,加纳,2026-07-04T01:30:00.000Z,knockout_early,latest_before_kickoff,advance-home,0.6822370917070847,medium,dynamic,0.6714285714285715,1.524,0.803,1,0.7699115044247788
107367,dashboard-2026-07-04T01-20-05-824Z:schedule-760501,schedule-760501,bttsYes,btts,两队都有进球,0.4467766490127914,,0.435,Polymarket,0.011776649012791407,0.41177664901279143,2.2988505747126435,1.2988505747126435,129.88505747126436,无明确信号,NO_TRADE,0,0.0,0.0,{},哥伦比亚,加纳,2026-07-04T01:30:00.000Z,knockout_early,latest_before_kickoff,advance-home,0.6822370917070847,medium,dynamic,0.6714285714285715,1.524,0.803,0,-1.0
107362,dashboard-2026-07-04T01-20-05-824Z:schedule-760501,schedule-760501,schedule-760501-auto-handicap-away,handicap,加纳 受让 0.5 球,0.48294323529573213,0.0,0.46,本地盘口快照,0.02294323529573211,0.42294323529573213,2.1739130434782608,1.1739130434782608,117.39130434782608,复盘降级不买,NO_TRADE,0,0.0,0.0,{},哥伦比亚,加纳,2026-07-04T01:30:00.000Z,knockout_early,latest_before_kickoff,advance-home,0.6822370917070847,medium,dynamic,0.6714285714285715,1.524,0.803,0,-1.0
107366,dashboard-2026-07-04T01-20-05-824Z:schedule-760501,schedule-760501,schedule-760501-auto-handicap-home,handicap,哥伦比亚 让 0.5 球,0.517056764704268,0.0,0.5,本地盘口快照,0.01705676470426798,0.477056764704268,2.0,1.0,-100.0,复盘降级不买,NO_TRADE,0,0.0,0.0,{},哥伦比亚,加纳,2026-07-04T01:30:00.000Z,knockout_early,latest_before_kickoff,advance-home,0.6822370917070847,medium,dynamic,0.6714285714285715,1.524,0.803,1,1.0
107368,dashboard-2026-07-04T01-20-05-824Z:schedule-760501,schedule-760501,away,moneyline,加纳胜,0.21652335303312445,,0.105,Polymarket,0.11152335303312445,0.18152335303312445,9.523809523809524,8.523809523809524,852.3809523809524,低置信观察,WATCH,1,690.2594,6573.9,{},哥伦比亚,加纳,2026-07-04T01:30:00.000Z,knockout_early,latest_before_kickoff,advance-home,0.6822370917070847,medium,dynamic,0.6714285714285715,1.524,0.803,0,-1.0
107369,dashboard-2026-07-04T01-20-05-824Z:schedule-760501,schedule-760501,draw,moneyline,平局,0.2664198822626077,,0.225,Polymarket,0.041419882262607705,0.2264198822626077,4.444444444444445,3.4444444444444446,344.44444444444446,复盘降级观察,WATCH,0,0.0,0.0,{},哥伦比亚,加纳,2026-07-04T01:30:00.000Z,knockout_early,latest_before_kickoff,advance-home,0.6822370917070847,medium,dynamic,0.6714285714285715,1.524,0.803,0,-1.0
107365,dashboard-2026-07-04T01-20-05-824Z:schedule-760501,schedule-760501,home,moneyline,哥伦比亚胜,0.517056764704268,,0.685,Polymarket,-0.16794323529573207,0.48205676470426795,1.4598540145985401,0.45985401459854014,-217.4603174603175,回避,AVOID_OR_SELL,0,0.0,0.0,{},哥伦比亚,加纳,2026-07-04T01:30:00.000Z,knockout_early,latest_before_kickoff,advance-home,0.6822370917070847,medium,dynamic,0.6714285714285715,1.524,0.803,1,0.45985401459854014
107363,dashboard-2026-07-04T01-20-05-824Z:schedule-760501,schedule-760501,over25,total,大于 2.5 球,0.4217643656759904,,0.925,Polymarket,-0.5032356343240096,0.3867643656759904,1.081081081081081,0.08108108108108092,-1233.3333333333342,回避,AVOID_OR_SELL,0,0.0,0.0,{},哥伦比亚,加纳,2026-07-04T01:30:00.000Z,knockout_early,latest_before_kickoff,advance-home,0.6822370917070847,medium,dynamic,0.6714285714285715,1.524,0.803,0,-1.0
107364,dashboard-2026-07-04T01-20-05-824Z:schedule-760501,schedule-760501,under25,total,小于 2.5 球,0.5782356343240096,,0.075,Polymarket,0.5032356343240096,0.5432356343240096,13.333333333333334,12.333333333333334,1233.3333333333335,低置信观察,WATCH,1,73.6218,981.625,{},哥伦比亚,加纳,2026-07-04T01:30:00.000Z,knockout_early,latest_before_kickoff,advance-home,0.6822370917070847,medium,dynamic,0.6714285714285715,1.524,0.803,1,12.333333333333334
111330,dashboard-2026-07-04T16-52-28-002Z:schedule-760502,schedule-760502,advance-away,advance,摩洛哥晋级,0.554861921167188,,0.715,Polymarket,-0.16013807883281195,0.519861921167188,1.3986013986013988,0.39860139860139876,-250.8771929824561,回避,AVOID_OR_SELL,1,50749.9817,69999.9748,{},加拿大,摩洛哥,2026-07-04T17:00:00.000Z,knockout_early,latest_before_kickoff,advance-away,0.554861921167188,medium,dynamic,0.8142857142857143,0.997,1.164,1,0.39860139860139876
111320,dashboard-2026-07-04T16-52-28-002Z:schedule-760502,schedule-760502,advance-home,advance,加拿大晋级,0.4451380788328121,,0.285,Polymarket,0.16013807883281211,0.41013807883281206,3.5087719298245617,2.5087719298245617,250.87719298245622,低置信观察,WATCH,0,0.0,0.0,{},加拿大,摩洛哥,2026-07-04T17:00:00.000Z,knockout_early,latest_before_kickoff,advance-away,0.554861921167188,medium,dynamic,0.8142857142857143,0.997,1.164,0,-1.0
111329,dashboard-2026-07-04T16-52-28-002Z:schedule-760502,schedule-760502,bttsNo,btts,不是两队都有进球,0.5416740854696978,,0.505,Polymarket,0.03667408546969775,0.48167408546969775,1.9801980198019802,0.9801980198019802,-102.02020202020202,复盘降级不买,NO_TRADE,0,0.0,0.0,{},加拿大,摩洛哥,2026-07-04T17:00:00.000Z,knockout_early,latest_before_kickoff,advance-away,0.554861921167188,medium,dynamic,0.8142857142857143,0.997,1.164,1,0.9801980198019802
111321,dashboard-2026-07-04T16-52-28-002Z:schedule-760502,schedule-760502,bttsYes,btts,两队都有进球,0.4583259145303022,,0.495,Polymarket,-0.036674085469697804,0.4233259145303022,2.0202020202020203,1.0202020202020203,102.02020202020202,回避,AVOID_OR_SELL,0,0.0,0.0,{},加拿大,摩洛哥,2026-07-04T17:00:00.000Z,knockout_early,latest_before_kickoff,advance-away,0.554861921167188,medium,dynamic,0.8142857142857143,0.997,1.164,0,-1.0
111322,dashboard-2026-07-04T16-52-28-002Z:schedule-760502,schedule-760502,schedule-760502-auto-handicap-away,handicap,摩洛哥 受让 0.5 球,0.6838372450667763,0.0,0.66,本地盘口快照,0.023837245066776314,0.6238372450667764,1.5151515151515151,0.5151515151515151,-194.11764705882354,复盘降级不买,NO_TRADE,0,0.0,0.0,{},加拿大,摩洛哥,2026-07-04T17:00:00.000Z,knockout_early,latest_before_kickoff,advance-away,0.554861921167188,medium,dynamic,0.8142857142857143,0.997,1.164,1,0.5151515151515151
111326,dashboard-2026-07-04T16-52-28-002Z:schedule-760502,schedule-760502,schedule-760502-auto-handicap-home,handicap,加拿大 让 0.5 球,0.3161627549332237,0.0,0.3,本地盘口快照,0.016162754933223722,0.27616275493322373,3.3333333333333335,2.3333333333333335,233.33333333333334,复盘降级不买,NO_TRADE,0,0.0,0.0,{},加拿大,摩洛哥,2026-07-04T17:00:00.000Z,knockout_early,latest_before_kickoff,advance-away,0.554861921167188,medium,dynamic,0.8142857142857143,0.997,1.164,0,-1.0
111327,dashboard-2026-07-04T16-52-28-002Z:schedule-760502,schedule-760502,away,moneyline,摩洛哥胜,0.3820134126558366,,0.525,Polymarket,-0.14298658734416342,0.34701341265583663,1.9047619047619047,0.9047619047619047,-110.52631578947368,回避,AVOID_OR_SELL,1,174824.8393,314999.7105,{},加拿大,摩洛哥,2026-07-04T17:00:00.000Z,knockout_early,latest_before_kickoff,advance-away,0.554861921167188,medium,dynamic,0.8142857142857143,0.997,1.164,1,0.9047619047619047
111328,dashboard-2026-07-04T16-52-28-002Z:schedule-760502,schedule-760502,draw,moneyline,平局,0.30182383241093974,,0.295,Polymarket,0.006823832410939756,0.26682383241093977,3.3898305084745766,2.3898305084745766,238.98305084745763,无明确信号,NO_TRADE,0,0.0,0.0,{},加拿大,摩洛哥,2026-07-04T17:00:00.000Z,knockout_early,latest_before_kickoff,advance-away,0.554861921167188,medium,dynamic,0.8142857142857143,0.997,1.164,0,-1.0
111325,dashboard-2026-07-04T16-52-28-002Z:schedule-760502,schedule-760502,home,moneyline,加拿大胜,0.3161627549332237,,0.185,Polymarket,0.1311627549332237,0.28116275493322374,5.405405405405405,4.405405405405405,440.5405405405405,低置信观察,WATCH,0,0.0,0.0,{},加拿大,摩洛哥,2026-07-04T17:00:00.000Z,knockout_early,latest_before_kickoff,advance-away,0.554861921167188,medium,dynamic,0.8142857142857143,0.997,1.164,0,-1.0
111324,dashboard-2026-07-04T16-52-28-002Z:schedule-760502,schedule-760502,over25,total,大于 2.5 球,0.37912804821112633,,0.215,Polymarket,0.16412804821112634,0.3441280482111263,4.651162790697675,3.6511627906976747,365.1162790697675,低置信观察,WATCH,0,0.0,0.0,{},加拿大,摩洛哥,2026-07-04T17:00:00.000Z,knockout_early,latest_before_kickoff,advance-away,0.554861921167188,medium,dynamic,0.8142857142857143,0.997,1.164,1,3.6511627906976747
111323,dashboard-2026-07-04T16-52-28-002Z:schedule-760502,schedule-760502,under25,total,小于 2.5 球,0.6208719517888737,,0.785,Polymarket,-0.16412804821112636,0.5858719517888736,1.2738853503184713,0.2738853503184713,-365.1162790697675,回避,AVOID_OR_SELL,0,0.0,0.0,{},加拿大,摩洛哥,2026-07-04T17:00:00.000Z,knockout_early,latest_before_kickoff,advance-away,0.554861921167188,medium,dynamic,0.8142857142857143,0.997,1.164,0,-1.0
112452,dashboard-2026-07-04T20-52-45-351Z:schedule-760503,schedule-760503,advance-away,advance,法国晋级,0.8306658642311371,,0.925,Polymarket,-0.09433413576886296,0.795665864231137,1.081081081081081,0.08108108108108092,-1233.3333333333342,回避,AVOID_OR_SELL,1,314479.7101,339978.065,{},巴拉圭,法国,2026-07-04T21:00:00.000Z,knockout_early,latest_before_kickoff,advance-away,0.8306658642311371,medium,dynamic,0.8142857142857143,0.327,1.612,1,0.08108108108108092
112442,dashboard-2026-07-04T20-52-45-351Z:schedule-760503,schedule-760503,advance-home,advance,巴拉圭晋级,0.16933413576886303,,0.075,Polymarket,0.09433413576886303,0.13433413576886302,13.333333333333334,12.333333333333334,1233.3333333333335,低置信观察,WATCH,0,0.0,0.0,{},巴拉圭,法国,2026-07-04T21:00:00.000Z,knockout_early,latest_before_kickoff,advance-away,0.8306658642311371,medium,dynamic,0.8142857142857143,0.327,1.612,0,-1.0
112443,dashboard-2026-07-04T20-52-45-351Z:schedule-760503,schedule-760503,bttsNo,btts,不是两队都有进球,0.7662449906990563,,0.595,Polymarket,0.1712449906990563,0.7262449906990562,1.680672268907563,0.680672268907563,-146.91358024691357,复盘降级观察,WATCH,0,0.0,0.0,{},巴拉圭,法国,2026-07-04T21:00:00.000Z,knockout_early,latest_before_kickoff,advance-away,0.8306658642311371,medium,dynamic,0.8142857142857143,0.327,1.612,1,0.680672268907563
112449,dashboard-2026-07-04T20-52-45-351Z:schedule-760503,schedule-760503,bttsYes,btts,两队都有进球,0.23375500930094373,,0.405,Polymarket,-0.1712449906990563,0.19875500930094372,2.4691358024691357,1.4691358024691357,146.91358024691357,回避,AVOID_OR_SELL,0,0.0,0.0,{},巴拉圭,法国,2026-07-04T21:00:00.000Z,knockout_early,latest_before_kickoff,advance-away,0.8306658642311371,medium,dynamic,0.8142857142857143,0.327,1.612,0,-1.0
112448,dashboard-2026-07-04T20-52-45-351Z:schedule-760503,schedule-760503,schedule-760503-auto-handicap-away,handicap,法国 让 1.5 球,0.39464640958728714,0.0,0.008,Polymarket,0.38664640958728713,0.33464640958728714,125.0,124.0,12400.0,复盘降级观察,WATCH,0,0.0,0.0,{},巴拉圭,法国,2026-07-04T21:00:00.000Z,knockout_early,latest_before_kickoff,advance-away,0.8306658642311371,medium,dynamic,0.8142857142857143,0.327,1.612,0,
112444,dashboard-2026-07-04T20-52-45-351Z:schedule-760503,schedule-760503,schedule-760503-auto-handicap-home,handicap,巴拉圭 受让 1.5 球,0.6053535904127129,0.0,0.58,本地盘口快照,0.0253535904127129,0.5653535904127128,1.7241379310344829,0.7241379310344829,-138.09523809523807,复盘降级不买,NO_TRADE,0,0.0,0.0,{},巴拉圭,法国,2026-07-04T21:00:00.000Z,knockout_early,latest_before_kickoff,advance-away,0.8306658642311371,medium,dynamic,0.8142857142857143,0.327,1.612,1,0.7241379310344829
112446,dashboard-2026-07-04T20-52-45-351Z:schedule-760503,schedule-760503,away,moneyline,法国胜,0.6836897229063955,,0.825,Polymarket,-0.14131027709360444,0.6486897229063955,1.2121212121212122,0.21212121212121215,-471.42857142857133,回避,AVOID_OR_SELL,1,138143.4903,165441.3057,{},巴拉圭,法国,2026-07-04T21:00:00.000Z,knockout_early,latest_before_kickoff,advance-away,0.8306658642311371,medium,dynamic,0.8142857142857143,0.327,1.612,1,0.21212121212121215
112450,dashboard-2026-07-04T20-52-45-351Z:schedule-760503,schedule-760503,draw,moneyline,平局,0.2370582924592606,,0.135,Polymarket,0.1020582924592606,0.2020582924592606,7.4074074074074066,6.4074074074074066,640.7407407407406,低置信观察,WATCH,0,0.0,0.0,{},巴拉圭,法国,2026-07-04T21:00:00.000Z,knockout_early,latest_before_kickoff,advance-away,0.8306658642311371,medium,dynamic,0.8142857142857143,0.327,1.612,0,-1.0
112451,dashboard-2026-07-04T20-52-45-351Z:schedule-760503,schedule-760503,home,moneyline,巴拉圭胜,0.07925198463434398,,0.045,Polymarket,0.03425198463434398,0.044251984634343974,22.22222222222222,21.22222222222222,2122.222222222222,无明确信号,NO_TRADE,0,0.0,0.0,{},巴拉圭,法国,2026-07-04T21:00:00.000Z,knockout_early,latest_before_kickoff,advance-away,0.8306658642311371,medium,dynamic,0.8142857142857143,0.327,1.612,0,-1.0
112447,dashboard-2026-07-04T20-52-45-351Z:schedule-760503,schedule-760503,over25,total,大于 2.5 球,0.3159002242377019,,0.9515,Polymarket,-0.6355997757622981,0.2809002242377019,1.0509721492380453,0.05097214923804527,-1961.8556701030934,回避,AVOID_OR_SELL,0,0.0,0.0,{},巴拉圭,法国,2026-07-04T21:00:00.000Z,knockout_early,latest_before_kickoff,advance-away,0.8306658642311371,medium,dynamic,0.8142857142857143,0.327,1.612,0,-1.0
112445,dashboard-2026-07-04T20-52-45-351Z:schedule-760503,schedule-760503,under25,total,小于 2.5 球,0.6840997757622981,,0.0485,Polymarket,0.6355997757622981,0.644099775762298,20.618556701030926,19.618556701030926,1961.8556701030927,复盘降级观察,WATCH,0,0.0,0.0,{},巴拉圭,法国,2026-07-04T21:00:00.000Z,knockout_early,latest_before_kickoff,advance-away,0.8306658642311371,medium,dynamic,0.8142857142857143,0.327,1.612,1,19.618556701030926
117237,dashboard-2026-07-05T15-51-38-227Z:schedule-760504,schedule-760504,advance-away,advance,挪威晋级,0.14794073216687717,,0.295,Polymarket,-0.14705926783312281,0.11294073216687717,3.3898305084745766,2.3898305084745766,238.98305084745763,回避,AVOID_OR_SELL,0,0.0,0.0,{},巴西,挪威,2026-07-05T20:00:00.000Z,knockout_early,latest_before_kickoff,advance-home,0.8520592678331228,medium,dynamic,0.8142857142857143,2.157,0.511,1,2.3898305084745766
117227,dashboard-2026-07-05T15-51-38-227Z:schedule-760504,schedule-760504,advance-home,advance,巴西晋级,0.8520592678331228,,0.705,Polymarket,0.14705926783312284,0.8170592678331228,1.4184397163120568,0.4184397163120568,-238.9830508474576,低置信观察,WATCH,1,5236.5302,7427.7024,{},巴西,挪威,2026-07-05T20:00:00.000Z,knockout_early,latest_before_kickoff,advance-home,0.8520592678331228,medium,dynamic,0.8142857142857143,2.157,0.511,0,-1.0
117229,dashboard-2026-07-05T15-51-38-227Z:schedule-760504,schedule-760504,bttsNo,btts,不是两队都有进球,0.6298676314804484,,0.395,Polymarket,0.23486763148044842,0.5948676314804484,2.531645569620253,1.531645569620253,153.1645569620253,低置信观察,WATCH,2,134586.9403,348938.4313,{},巴西,挪威,2026-07-05T20:00:00.000Z,knockout_early,latest_before_kickoff,advance-home,0.8520592678331228,medium,dynamic,0.8142857142857143,2.157,0.511,0,-1.0
117236,dashboard-2026-07-05T15-51-38-227Z:schedule-760504,schedule-760504,bttsYes,btts,两队都有进球,0.37013236851955156,,0.605,Polymarket,-0.23486763148044842,0.3351323685195515,1.6528925619834711,0.6528925619834711,-153.1645569620253,回避,AVOID_OR_SELL,1,57265.1557,94653.15,{},巴西,挪威,2026-07-05T20:00:00.000Z,knockout_early,latest_before_kickoff,advance-home,0.8520592678331228,medium,dynamic,0.8142857142857143,2.157,0.511,1,0.6528925619834711
117230,dashboard-2026-07-05T15-51-38-227Z:schedule-760504,schedule-760504,schedule-760504-auto-handicap-away,handicap,挪威 受让 1.5 球,0.5007341307963961,0.0,0.48,本地盘口快照,0.020734130796396077,0.4607341307963961,2.0833333333333335,1.0833333333333335,108.33333333333334,复盘降级不买,NO_TRADE,0,0.0,0.0,{},巴西,挪威,2026-07-05T20:00:00.000Z,knockout_early,latest_before_kickoff,advance-home,0.8520592678331228,medium,dynamic,0.8142857142857143,2.157,0.511,1,1.0833333333333335
117234,dashboard-2026-07-05T15-51-38-227Z:schedule-760504,schedule-760504,schedule-760504-auto-handicap-home,handicap,巴西 让 1.5 球,0.4992658692036032,0.0,0.305,Polymarket,0.19426586920360323,0.4392658692036032,3.278688524590164,2.278688524590164,227.8688524590164,复盘降级观察,WATCH,1,800.4983,4062.8526,{},巴西,挪威,2026-07-05T20:00:00.000Z,knockout_early,latest_before_kickoff,advance-home,0.8520592678331228,medium,dynamic,0.8142857142857143,2.157,0.511,0,-1.0
117235,dashboard-2026-07-05T15-51-38-227Z:schedule-760504,schedule-760504,away,moneyline,挪威胜,0.08147585129344334,,0.195,Polymarket,-0.11352414870655667,0.04647585129344334,5.128205128205128,4.128205128205128,412.8205128205128,回避,AVOID_OR_SELL,1,9214.5604,222491.1913,{},巴西,挪威,2026-07-05T20:00:00.000Z,knockout_early,latest_before_kickoff,advance-home,0.8520592678331228,medium,dynamic,0.8142857142857143,2.157,0.511,1,4.128205128205128
117232,dashboard-2026-07-05T15-51-38-227Z:schedule-760504,schedule-760504,draw,moneyline,平局,0.1749075812458785,,0.265,Polymarket,-0.09009241875412152,0.1399075812458785,3.773584905660377,2.773584905660377,277.35849056603774,回避,AVOID_OR_SELL,1,35617.0405,222658.0058,{},巴西,挪威,2026-07-05T20:00:00.000Z,knockout_early,latest_before_kickoff,advance-home,0.8520592678331228,medium,dynamic,0.8142857142857143,2.157,0.511,0,-1.0
117228,dashboard-2026-07-05T15-51-38-227Z:schedule-760504,schedule-760504,home,moneyline,巴西胜,0.7436165674606782,,0.545,Polymarket,0.19861656746067813,0.7086165674606781,1.8348623853211008,0.8348623853211008,-119.78021978021981,低置信观察,WATCH,2,132686.8662,243460.95990000002,{},巴西,挪威,2026-07-05T20:00:00.000Z,knockout_early,latest_before_kickoff,advance-home,0.8520592678331228,medium,dynamic,0.8142857142857143,2.157,0.511,0,-1.0
117231,dashboard-2026-07-05T15-51-38-227Z:schedule-760504,schedule-760504,over25,total,大于 2.5 球,0.5071457704485538,,0.945,Polymarket,-0.43785422955144615,0.47214577044855377,1.0582010582010584,0.058201058201058364,-1718.1818181818167,回避,AVOID_OR_SELL,0,0.0,0.0,{},巴西,挪威,2026-07-05T20:00:00.000Z,knockout_early,latest_before_kickoff,advance-home,0.8520592678331228,medium,dynamic,0.8142857142857143,2.157,0.511,1,0.058201058201058364
117233,dashboard-2026-07-05T15-51-38-227Z:schedule-760504,schedule-760504,under25,total,小于 2.5 球,0.4928542295514462,,0.055,Polymarket,0.4378542295514462,0.4328542295514462,18.181818181818183,17.181818181818183,1718.1818181818182,复盘降级观察,WATCH,0,0.0,0.0,{},巴西,挪威,2026-07-05T20:00:00.000Z,knockout_early,latest_before_kickoff,advance-home,0.8520592678331228,medium,dynamic,0.8142857142857143,2.157,0.511,0,-1.0
117238,dashboard-2026-07-05T15-51-38-227Z:schedule-760505,schedule-760505,advance-away,advance,英格兰晋级,0.5830537643903857,,0.535,Polymarket,0.04805376439038567,0.5430537643903857,1.8691588785046729,0.8691588785046729,-115.05376344086022,复盘降级观察,WATCH,2,415784.7784,777167.8102,{},墨西哥,英格兰,2026-07-06T00:00:00.000Z,knockout_early,latest_before_kickoff,advance-away,0.5830537643903857,medium,dynamic,0.6714285714285715,0.947,1.245,1,0.8691588785046729
117247,dashboard-2026-07-05T15-51-38-227Z:schedule-760505,schedule-760505,advance-home,advance,墨西哥晋级,0.41694623560961436,,0.465,Polymarket,-0.04805376439038567,0.3819462356096144,2.150537634408602,1.150537634408602,115.0537634408602,回避,AVOID_OR_SELL,2,130498.8371,526179.6346,{},墨西哥,英格兰,2026-07-06T00:00:00.000Z,knockout_early,latest_before_kickoff,advance-away,0.5830537643903857,medium,dynamic,0.6714285714285715,0.947,1.245,0,-1.0
117244,dashboard-2026-07-05T15-51-38-227Z:schedule-760505,schedule-760505,bttsNo,btts,不是两队都有进球,0.5518230913262423,,0.505,Polymarket,0.046823091326242294,0.4918230913262423,1.9801980198019802,0.9801980198019802,-102.02020202020202,复盘降级不买,NO_TRADE,0,0.0,0.0,{},墨西哥,英格兰,2026-07-06T00:00:00.000Z,knockout_early,latest_before_kickoff,advance-away,0.5830537643903857,medium,dynamic,0.6714285714285715,0.947,1.245,0,-1.0
117248,dashboard-2026-07-05T15-51-38-227Z:schedule-760505,schedule-760505,bttsYes,btts,两队都有进球,0.4481769086737577,,0.495,Polymarket,-0.046823091326242294,0.41317690867375767,2.0202020202020203,1.0202020202020203,102.02020202020202,回避,AVOID_OR_SELL,1,1641.1619,3729.9984,{},墨西哥,英格兰,2026-07-06T00:00:00.000Z,knockout_early,latest_before_kickoff,advance-away,0.5830537643903857,medium,dynamic,0.6714285714285715,0.947,1.245,1,1.0202020202020203
117245,dashboard-2026-07-05T15-51-38-227Z:schedule-760505,schedule-760505,schedule-760505-auto-handicap-away,handicap,英格兰 受让 0.5 球,0.7155008207826594,0.0,0.69,本地盘口快照,0.025500820782659472,0.6555008207826594,1.4492753623188408,0.4492753623188408,-222.58064516129028,复盘降级不买,NO_TRADE,0,0.0,0.0,{},墨西哥,英格兰,2026-07-06T00:00:00.000Z,knockout_early,latest_before_kickoff,advance-away,0.5830537643903857,medium,dynamic,0.6714285714285715,0.947,1.245,1,0.4492753623188408
117242,dashboard-2026-07-05T15-51-38-227Z:schedule-760505,schedule-760505,schedule-760505-auto-handicap-home,handicap,墨西哥 让 0.5 球,0.2844991792173407,0.0,0.27,本地盘口快照,0.014499179217340674,0.24449917921734068,3.7037037037037033,2.7037037037037033,270.3703703703704,复盘降级不买,NO_TRADE,0,0.0,0.0,{},墨西哥,英格兰,2026-07-06T00:00:00.000Z,knockout_early,latest_before_kickoff,advance-away,0.5830537643903857,medium,dynamic,0.6714285714285715,0.947,1.245,0,-1.0
117241,dashboard-2026-07-05T15-51-38-227Z:schedule-760505,schedule-760505,away,moneyline,英格兰胜,0.41613676457745324,,0.395,Polymarket,0.021136764577453226,0.38113676457745327,2.531645569620253,1.531645569620253,153.1645569620253,无明确信号,NO_TRADE,0,0.0,0.0,{},墨西哥,英格兰,2026-07-06T00:00:00.000Z,knockout_early,latest_before_kickoff,advance-away,0.5830537643903857,medium,dynamic,0.6714285714285715,0.947,1.245,1,1.531645569620253
117240,dashboard-2026-07-05T15-51-38-227Z:schedule-760505,schedule-760505,draw,moneyline,平局,0.2993640562052061,,0.305,Polymarket,-0.005635943794793874,0.2643640562052061,3.278688524590164,2.278688524590164,227.8688524590164,无明确信号,NO_TRADE,1,7223.3772,110805.6248,{},墨西哥,英格兰,2026-07-06T00:00:00.000Z,knockout_early,latest_before_kickoff,advance-away,0.5830537643903857,medium,dynamic,0.6714285714285715,0.947,1.245,0,-1.0
117246,dashboard-2026-07-05T15-51-38-227Z:schedule-760505,schedule-760505,home,moneyline,墨西哥胜,0.2844991792173407,,0.305,Polymarket,-0.0205008207826593,0.2494991792173407,3.278688524590164,2.278688524590164,227.8688524590164,无明确信号,NO_TRADE,1,37884.814,169699.3346,{},墨西哥,英格兰,2026-07-06T00:00:00.000Z,knockout_early,latest_before_kickoff,advance-away,0.5830537643903857,medium,dynamic,0.6714285714285715,0.947,1.245,0,-1.0
117243,dashboard-2026-07-05T15-51-38-227Z:schedule-760505,schedule-760505,over25,total,大于 2.5 球,0.3839242008134932,,0.895,Polymarket,-0.5110757991865068,0.3489242008134932,1.1173184357541899,0.11731843575418988,-852.3809523809525,回避,AVOID_OR_SELL,0,0.0,0.0,{},墨西哥,英格兰,2026-07-06T00:00:00.000Z,knockout_early,latest_before_kickoff,advance-away,0.5830537643903857,medium,dynamic,0.6714285714285715,0.947,1.245,1,0.11731843575418988
117239,dashboard-2026-07-05T15-51-38-227Z:schedule-760505,schedule-760505,under25,total,小于 2.5 球,0.6160757991865068,,0.105,Polymarket,0.5110757991865068,0.5760757991865068,9.523809523809524,8.523809523809524,852.3809523809524,复盘降级观察,WATCH,0,0.0,0.0,{},墨西哥,英格兰,2026-07-06T00:00:00.000Z,knockout_early,latest_before_kickoff,advance-away,0.5830537643903857,medium,dynamic,0.6714285714285715,0.947,1.245,0,-1.0
119811,dashboard-2026-07-06T18-52-22-338Z:schedule-760506,schedule-760506,advance-away,advance,西班牙晋级,0.5364332308564904,,0.655,Polymarket,-0.11856676914350961,0.5014332308564904,1.5267175572519083,0.5267175572519083,-189.85507246376812,回避,AVOID_OR_SELL,0,0.0,0.0,{},葡萄牙,西班牙,2026-07-06T19:00:00.000Z,knockout_early,latest_before_kickoff,advance-away,0.5364332308564904,medium,dynamic,0.8142857142857143,1.039,1.19,1,0.5267175572519083
119801,dashboard-2026-07-06T18-52-22-338Z:schedule-760506,schedule-760506,advance-home,advance,葡萄牙晋级,0.4635667691435097,,0.345,Polymarket,0.11856676914350972,0.42856676914350966,2.8985507246376816,1.8985507246376816,189.85507246376812,低置信观察,WATCH,1,38443.5438,115545.78,{},葡萄牙,西班牙,2026-07-06T19:00:00.000Z,knockout_early,latest_before_kickoff,advance-away,0.5364332308564904,medium,dynamic,0.8142857142857143,1.039,1.19,0,-1.0
119810,dashboard-2026-07-06T18-52-22-338Z:schedule-760506,schedule-760506,bttsNo,btts,不是两队都有进球,0.5170238018349331,,0.405,Polymarket,0.1120238018349331,0.45702380183493313,2.4691358024691357,1.4691358024691357,146.91358024691357,复盘降级观察,WATCH,1,161997.792,399994.5483,{},葡萄牙,西班牙,2026-07-06T19:00:00.000Z,knockout_early,latest_before_kickoff,advance-away,0.5364332308564904,medium,dynamic,0.8142857142857143,1.039,1.19,1,1.4691358024691357
119809,dashboard-2026-07-06T18-52-22-338Z:schedule-760506,schedule-760506,bttsYes,btts,两队都有进球,0.4829761981650669,,0.595,Polymarket,-0.1120238018349331,0.44797619816506684,1.680672268907563,0.680672268907563,-146.91358024691357,回避,AVOID_OR_SELL,1,72015.803,122028.313,{},葡萄牙,西班牙,2026-07-06T19:00:00.000Z,knockout_early,latest_before_kickoff,advance-away,0.5364332308564904,medium,dynamic,0.8142857142857143,1.039,1.19,0,-1.0
119807,dashboard-2026-07-06T18-52-22-338Z:schedule-760506,schedule-760506,schedule-760506-auto-handicap-away,handicap,西班牙 受让 0.5 球,0.6796896946192008,0.0,0.65,本地盘口快照,0.02968969461920079,0.6196896946192008,1.5384615384615383,0.5384615384615383,-185.71428571428572,复盘降级不买,NO_TRADE,0,0.0,0.0,{},葡萄牙,西班牙,2026-07-06T19:00:00.000Z,knockout_early,latest_before_kickoff,advance-away,0.5364332308564904,medium,dynamic,0.8142857142857143,1.039,1.19,1,0.5384615384615383
119805,dashboard-2026-07-06T18-52-22-338Z:schedule-760506,schedule-760506,schedule-760506-auto-handicap-home,handicap,葡萄牙 让 0.5 球,0.32031030538079935,0.0,0.31,本地盘口快照,0.010310305380799356,0.2803103053807994,3.2258064516129035,2.2258064516129035,222.58064516129033,复盘降级不买,NO_TRADE,0,0.0,0.0,{},葡萄牙,西班牙,2026-07-06T19:00:00.000Z,knockout_early,latest_before_kickoff,advance-away,0.5364332308564904,medium,dynamic,0.8142857142857143,1.039,1.19,0,-1.0
119806,dashboard-2026-07-06T18-52-22-338Z:schedule-760506,schedule-760506,away,moneyline,西班牙胜,0.3772705750836874,,0.495,Polymarket,-0.11772942491631261,0.3422705750836874,2.0202020202020203,1.0202020202020203,102.02020202020202,回避,AVOID_OR_SELL,0,0.0,0.0,{},葡萄牙,西班牙,2026-07-06T19:00:00.000Z,knockout_early,latest_before_kickoff,advance-away,0.5364332308564904,medium,dynamic,0.8142857142857143,1.039,1.19,1,1.0202020202020203
119802,dashboard-2026-07-06T18-52-22-338Z:schedule-760506,schedule-760506,draw,moneyline,平局,0.30241911953551337,,0.275,Polymarket,0.027419119535513348,0.26741911953551334,3.6363636363636362,2.6363636363636362,263.6363636363636,无明确信号,NO_TRADE,1,76842.1605,279426.0382,{},葡萄牙,西班牙,2026-07-06T19:00:00.000Z,knockout_early,latest_before_kickoff,advance-away,0.5364332308564904,medium,dynamic,0.8142857142857143,1.039,1.19,0,-1.0
119808,dashboard-2026-07-06T18-52-22-338Z:schedule-760506,schedule-760506,home,moneyline,葡萄牙胜,0.32031030538079935,,0.235,Polymarket,0.08531030538079937,0.26031030538079936,4.25531914893617,3.25531914893617,325.53191489361706,复盘降级观察,WATCH,1,50748.5374,221784.6632,{},葡萄牙,西班牙,2026-07-06T19:00:00.000Z,knockout_early,latest_before_kickoff,advance-away,0.5364332308564904,medium,dynamic,0.8142857142857143,1.039,1.19,0,-1.0
119804,dashboard-2026-07-06T18-52-22-338Z:schedule-760506,schedule-760506,over25,total,大于 2.5 球,0.39862958657552994,,0.935,Polymarket,-0.5363704134244701,0.3636295865755299,1.06951871657754,0.06951871657753994,-1438.4615384615397,回避,AVOID_OR_SELL,0,0.0,0.0,{},葡萄牙,西班牙,2026-07-06T19:00:00.000Z,knockout_early,latest_before_kickoff,advance-away,0.5364332308564904,medium,dynamic,0.8142857142857143,1.039,1.19,0,-1.0
119803,dashboard-2026-07-06T18-52-22-338Z:schedule-760506,schedule-760506,under25,total,小于 2.5 球,0.6013704134244701,,0.065,Polymarket,0.53637041342447,0.56137041342447,15.384615384615383,14.384615384615383,1438.4615384615383,复盘降级观察,WATCH,1,85.7243,1318.8357,{},葡萄牙,西班牙,2026-07-06T19:00:00.000Z,knockout_early,latest_before_kickoff,advance-away,0.5364332308564904,medium,dynamic,0.8142857142857143,1.039,1.19,1,14.384615384615383
120725,dashboard-2026-07-06T23-51-10-824Z:schedule-760507,schedule-760507,advance-away,advance,比利时晋级,0.6107337054046691,,0.465,Polymarket,0.14573370540466907,0.5757337054046691,2.150537634408602,1.150537634408602,115.0537634408602,低置信观察,WATCH,2,280525.6953,601177.4541,{},美国,比利时,2026-07-07T00:00:00.000Z,knockout_early,latest_before_kickoff,advance-away,0.6107337054046691,medium,dynamic,0.8142857142857143,0.894,1.314,1,1.150537634408602
120735,dashboard-2026-07-06T23-51-10-824Z:schedule-760507,schedule-760507,advance-home,advance,美国晋级,0.38926629459533096,,0.535,Polymarket,-0.14573370540466907,0.354266294595331,1.8691588785046729,0.8691588785046729,-115.05376344086022,回避,AVOID_OR_SELL,1,535000.0,1000000.0,{},美国,比利时,2026-07-07T00:00:00.000Z,knockout_early,latest_before_kickoff,advance-away,0.6107337054046691,medium,dynamic,0.8142857142857143,0.894,1.314,0,-1.0
120732,dashboard-2026-07-06T23-51-10-824Z:schedule-760507,schedule-760507,bttsNo,btts,不是两队都有进球,0.5603350360999539,,0.385,Polymarket,0.17533503609995393,0.5003350360999539,2.5974025974025974,1.5974025974025974,159.74025974025975,复盘降级观察,WATCH,0,0.0,0.0,{},美国,比利时,2026-07-07T00:00:00.000Z,knockout_early,latest_before_kickoff,advance-away,0.6107337054046691,medium,dynamic,0.8142857142857143,0.894,1.314,0,-1.0
120734,dashboard-2026-07-06T23-51-10-824Z:schedule-760507,schedule-760507,bttsYes,btts,两队都有进球,0.43966496390004606,,0.615,Polymarket,-0.17533503609995393,0.404664963900046,1.6260162601626016,0.6260162601626016,-159.74025974025975,回避,AVOID_OR_SELL,0,0.0,0.0,{},美国,比利时,2026-07-07T00:00:00.000Z,knockout_early,latest_before_kickoff,advance-away,0.6107337054046691,medium,dynamic,0.8142857142857143,0.894,1.314,1,0.6260162601626016
120731,dashboard-2026-07-06T23-51-10-824Z:schedule-760507,schedule-760507,schedule-760507-auto-handicap-away,handicap,比利时 受让 0.5 球,0.7402840818047263,0.0,0.71,本地盘口快照,0.030284081804726304,0.6802840818047262,1.4084507042253522,0.40845070422535223,-244.8275862068965,复盘降级不买,NO_TRADE,0,0.0,0.0,{},美国,比利时,2026-07-07T00:00:00.000Z,knockout_early,latest_before_kickoff,advance-away,0.6107337054046691,medium,dynamic,0.8142857142857143,0.894,1.314,1,0.40845070422535223
120729,dashboard-2026-07-06T23-51-10-824Z:schedule-760507,schedule-760507,schedule-760507-auto-handicap-home,handicap,美国 让 0.5 球,0.2597159181952738,0.0,0.25,本地盘口快照,0.009715918195273787,0.21971591819527378,4.0,3.0,300.0,复盘降级不买,NO_TRADE,0,0.0,0.0,{},美国,比利时,2026-07-07T00:00:00.000Z,knockout_early,latest_before_kickoff,advance-away,0.6107337054046691,medium,dynamic,0.8142857142857143,0.894,1.314,0,-1.0
120727,dashboard-2026-07-06T23-51-10-824Z:schedule-760507,schedule-760507,away,moneyline,比利时胜,0.45087123603577595,,0.335,Polymarket,0.11587123603577593,0.4158712360357759,2.9850746268656714,1.9850746268656714,198.50746268656715,低置信观察,WATCH,1,155204.985,449999.9566,{},美国,比利时,2026-07-07T00:00:00.000Z,knockout_early,latest_before_kickoff,advance-away,0.6107337054046691,medium,dynamic,0.8142857142857143,0.894,1.314,1,1.9850746268656714
120730,dashboard-2026-07-06T23-51-10-824Z:schedule-760507,schedule-760507,draw,moneyline,平局,0.28941284576895027,,0.295,Polymarket,-0.005587154231049718,0.2544128457689503,3.3898305084745766,2.3898305084745766,238.98305084745763,无明确信号,NO_TRADE,1,32995.6765,130088.4653,{},美国,比利时,2026-07-07T00:00:00.000Z,knockout_early,latest_before_kickoff,advance-away,0.6107337054046691,medium,dynamic,0.8142857142857143,0.894,1.314,0,-1.0
120733,dashboard-2026-07-06T23-51-10-824Z:schedule-760507,schedule-760507,home,moneyline,美国胜,0.2597159181952738,,0.365,Polymarket,-0.1052840818047262,0.22471591819527378,2.73972602739726,1.7397260273972601,173.97260273972603,回避,AVOID_OR_SELL,2,539364.0119,2589499.9254,{},美国,比利时,2026-07-07T00:00:00.000Z,knockout_early,latest_before_kickoff,advance-away,0.6107337054046691,medium,dynamic,0.8142857142857143,0.894,1.314,0,-1.0
120728,dashboard-2026-07-06T23-51-10-824Z:schedule-760507,schedule-760507,over25,total,大于 2.5 球,0.38496542684454593,,0.935,Polymarket,-0.5500345731554541,0.3499654268445459,1.06951871657754,0.06951871657753994,-1438.4615384615397,回避,AVOID_OR_SELL,0,0.0,0.0,{},美国,比利时,2026-07-07T00:00:00.000Z,knockout_early,latest_before_kickoff,advance-away,0.6107337054046691,medium,dynamic,0.8142857142857143,0.894,1.314,1,0.06951871657753994
120726,dashboard-2026-07-06T23-51-10-824Z:schedule-760507,schedule-760507,under25,total,小于 2.5 球,0.6150345731554541,,0.065,Polymarket,0.5500345731554541,0.575034573155454,15.384615384615383,14.384615384615383,1438.4615384615383,复盘降级观察,WATCH,0,0.0,0.0,{},美国,比利时,2026-07-07T00:00:00.000Z,knockout_early,latest_before_kickoff,advance-away,0.6107337054046691,medium,dynamic,0.8142857142857143,0.894,1.314,0,-1.0
123265,dashboard-2026-07-07T19-59-42-619Z:schedule-760508,schedule-760508,advance-away,advance,哥伦比亚晋级,0.32734858139326384,,0.605,Polymarket,-0.27765141860673614,0.2923485813932638,1.6528925619834711,0.6528925619834711,-153.1645569620253,回避,AVOID_OR_SELL,0,0.0,0.0,{},瑞士,哥伦比亚,2026-07-07T20:00:00.000Z,knockout_early,latest_before_kickoff,advance-home,0.6726514186067363,medium,dynamic,0.8142857142857143,1.536,0.864,0,-1.0
123255,dashboard-2026-07-07T19-59-42-619Z:schedule-760508,schedule-760508,advance-home,advance,瑞士晋级,0.6726514186067363,,0.395,Polymarket,0.27765141860673626,0.6376514186067362,2.531645569620253,1.531645569620253,153.1645569620253,低置信观察,WATCH,2,631569.9788,1596523.1987,{},瑞士,哥伦比亚,2026-07-07T20:00:00.000Z,knockout_early,latest_before_kickoff,advance-home,0.6726514186067363,medium,dynamic,0.8142857142857143,1.536,0.864,1,1.531645569620253
123261,dashboard-2026-07-07T19-59-42-619Z:schedule-760508,schedule-760508,bttsNo,btts,不是两队都有进球,0.5314028015332837,,0.485,Polymarket,0.04640280153328369,0.4714028015332837,2.061855670103093,1.061855670103093,106.18556701030928,复盘降级不买,NO_TRADE,1,13345.0488,26306.1045,{},瑞士,哥伦比亚,2026-07-07T20:00:00.000Z,knockout_early,latest_before_kickoff,advance-home,0.6726514186067363,medium,dynamic,0.8142857142857143,1.536,0.864,1,1.061855670103093
123262,dashboard-2026-07-07T19-59-42-619Z:schedule-760508,schedule-760508,bttsYes,btts,两队都有进球,0.4685971984667164,,0.515,Polymarket,-0.04640280153328363,0.4335971984667164,1.941747572815534,0.941747572815534,-106.18556701030928,回避,AVOID_OR_SELL,0,0.0,0.0,{},瑞士,哥伦比亚,2026-07-07T20:00:00.000Z,knockout_early,latest_before_kickoff,advance-home,0.6726514186067363,medium,dynamic,0.8142857142857143,1.536,0.864,0,-1.0
123260,dashboard-2026-07-07T19-59-42-619Z:schedule-760508,schedule-760508,schedule-760508-auto-handicap-away,handicap,哥伦比亚 受让 0.5 球,0.47892695371426613,0.0,0.45,本地盘口快照,0.028926953714266124,0.41892695371426614,2.2222222222222223,1.2222222222222223,122.22222222222223,复盘降级不买,NO_TRADE,0,0.0,0.0,{},瑞士,哥伦比亚,2026-07-07T20:00:00.000Z,knockout_early,latest_before_kickoff,advance-home,0.6726514186067363,medium,dynamic,0.8142857142857143,1.536,0.864,1,1.2222222222222223
123257,dashboard-2026-07-07T19-59-42-619Z:schedule-760508,schedule-760508,schedule-760508-auto-handicap-home,handicap,瑞士 让 0.5 球,0.5210730462857339,0.0,0.51,本地盘口快照,0.011073046285733912,0.48107304628573394,1.9607843137254901,0.9607843137254901,-104.08163265306122,复盘降级不买,NO_TRADE,0,0.0,0.0,{},瑞士,哥伦比亚,2026-07-07T20:00:00.000Z,knockout_early,latest_before_kickoff,advance-home,0.6726514186067363,medium,dynamic,0.8142857142857143,1.536,0.864,0,-1.0
123264,dashboard-2026-07-07T19-59-42-619Z:schedule-760508,schedule-760508,away,moneyline,哥伦比亚胜,0.204172208713017,,0.405,Polymarket,-0.20082779128698303,0.169172208713017,2.4691358024691357,1.4691358024691357,146.91358024691357,回避,AVOID_OR_SELL,0,0.0,0.0,{},瑞士,哥伦比亚,2026-07-07T20:00:00.000Z,knockout_early,latest_before_kickoff,advance-home,0.6726514186067363,medium,dynamic,0.8142857142857143,1.536,0.864,0,-1.0
123256,dashboard-2026-07-07T19-59-42-619Z:schedule-760508,schedule-760508,draw,moneyline,平局,0.27475474500124913,,0.335,Polymarket,-0.060245254998750886,0.23975474500124913,2.9850746268656714,1.9850746268656714,198.50746268656715,回避,AVOID_OR_SELL,1,117770.5428,351553.8593,{},瑞士,哥伦比亚,2026-07-07T20:00:00.000Z,knockout_early,latest_before_kickoff,advance-home,0.6726514186067363,medium,dynamic,0.8142857142857143,1.536,0.864,1,1.9850746268656714
123263,dashboard-2026-07-07T19-59-42-619Z:schedule-760508,schedule-760508,home,moneyline,瑞士胜,0.5210730462857339,,0.255,Polymarket,0.2660730462857339,0.4610730462857339,3.9215686274509802,2.9215686274509802,292.156862745098,复盘降级观察,WATCH,1,125.6436,0.0,{},瑞士,哥伦比亚,2026-07-07T20:00:00.000Z,knockout_early,latest_before_kickoff,advance-home,0.6726514186067363,medium,dynamic,0.8142857142857143,1.536,0.864,0,-1.0
123258,dashboard-2026-07-07T19-59-42-619Z:schedule-760508,schedule-760508,over25,total,大于 2.5 球,0.43002069897715134,,0.885,Polymarket,-0.45497930102284867,0.3950206989771513,1.1299435028248588,0.12994350282485878,-769.5652173913044,回避,AVOID_OR_SELL,0,0.0,0.0,{},瑞士,哥伦比亚,2026-07-07T20:00:00.000Z,knockout_early,latest_before_kickoff,advance-home,0.6726514186067363,medium,dynamic,0.8142857142857143,1.536,0.864,0,-1.0
123259,dashboard-2026-07-07T19-59-42-619Z:schedule-760508,schedule-760508,under25,total,小于 2.5 球,0.5699793010228487,,0.115,Polymarket,0.45497930102284867,0.5099793010228486,8.695652173913043,7.695652173913043,769.5652173913043,复盘降级观察,WATCH,0,0.0,0.0,{},瑞士,哥伦比亚,2026-07-07T20:00:00.000Z,knockout_early,latest_before_kickoff,advance-home,0.6726514186067363,medium,dynamic,0.8142857142857143,1.536,0.864,1,7.695652173913043
122795,dashboard-2026-07-07T15-59-21-722Z:schedule-760509,schedule-760509,advance-away,advance,埃及晋级,0.15702683259734462,,0.135,Polymarket,0.022026832597344614,0.12202683259734462,7.4074074074074066,6.4074074074074066,640.7407407407406,无明确信号,NO_TRADE,0,0.0,0.0,{},阿根廷,埃及,2026-07-07T16:00:00.000Z,knockout_early,latest_before_kickoff,advance-home,0.8429731674026554,medium,dynamic,0.8142857142857143,2.116,0.479,0,-1.0
122801,dashboard-2026-07-07T15-59-21-722Z:schedule-760509,schedule-760509,advance-home,advance,阿根廷晋级,0.8429731674026554,,0.865,Polymarket,-0.022026832597344614,0.8079731674026553,1.1560693641618498,0.1560693641618498,-640.7407407407406,无明确信号,NO_TRADE,1,767405.3975,897550.1725,{},阿根廷,埃及,2026-07-07T16:00:00.000Z,knockout_early,latest_before_kickoff,advance-home,0.8429731674026554,medium,dynamic,0.8142857142857143,2.116,0.479,1,0.1560693641618498
122794,dashboard-2026-07-07T15-59-21-722Z:schedule-760509,schedule-760509,bttsNo,btts,不是两队都有进球,0.653694600462545,,0.595,Polymarket,0.058694600462545043,0.613694600462545,1.680672268907563,0.680672268907563,-146.91358024691357,复盘降级观察,WATCH,0,0.0,0.0,{},阿根廷,埃及,2026-07-07T16:00:00.000Z,knockout_early,latest_before_kickoff,advance-home,0.8429731674026554,medium,dynamic,0.8142857142857143,2.116,0.479,0,-1.0
122803,dashboard-2026-07-07T15-59-21-722Z:schedule-760509,schedule-760509,bttsYes,btts,两队都有进球,0.346305399537455,,0.405,Polymarket,-0.058694600462545043,0.31130539953745495,2.4691358024691357,1.4691358024691357,146.91358024691357,回避,AVOID_OR_SELL,0,0.0,0.0,{},阿根廷,埃及,2026-07-07T16:00:00.000Z,knockout_early,latest_before_kickoff,advance-home,0.8429731674026554,medium,dynamic,0.8142857142857143,2.116,0.479,1,1.4691358024691357
122797,dashboard-2026-07-07T15-59-21-722Z:schedule-760509,schedule-760509,schedule-760509-auto-handicap-away,handicap,埃及 受让 1.5 球,0.506680765574701,0.0,0.49,本地盘口快照,0.016680765574700995,0.466680765574701,2.0408163265306123,1.0408163265306123,104.08163265306122,复盘降级不买,NO_TRADE,0,0.0,0.0,{},阿根廷,埃及,2026-07-07T16:00:00.000Z,knockout_early,latest_before_kickoff,advance-home,0.8429731674026554,medium,dynamic,0.8142857142857143,2.116,0.479,1,1.0408163265306123
122799,dashboard-2026-07-07T15-59-21-722Z:schedule-760509,schedule-760509,schedule-760509-auto-handicap-home,handicap,阿根廷 让 1.5 球,0.4933192344252992,0.0,0.475,Polymarket,0.018319234425299202,0.4583192344252992,2.1052631578947367,1.1052631578947367,110.52631578947368,无明确信号,NO_TRADE,0,0.0,0.0,{},阿根廷,埃及,2026-07-07T16:00:00.000Z,knockout_early,latest_before_kickoff,advance-home,0.8429731674026554,medium,dynamic,0.8142857142857143,2.116,0.479,0,-1.0
122802,dashboard-2026-07-07T15-59-21-722Z:schedule-760509,schedule-760509,away,moneyline,埃及胜,0.08895530950443391,,0.075,Polymarket,0.01395530950443391,0.053955309504433904,13.333333333333334,12.333333333333334,1233.3333333333335,无明确信号,NO_TRADE,0,0.0,0.0,{},阿根廷,埃及,2026-07-07T16:00:00.000Z,knockout_early,latest_before_kickoff,advance-home,0.8429731674026554,medium,dynamic,0.8142857142857143,2.116,0.479,0,-1.0
122798,dashboard-2026-07-07T15-59-21-722Z:schedule-760509,schedule-760509,draw,moneyline,平局,0.17913558708660712,,0.195,Polymarket,-0.015864412913392884,0.14413558708660712,5.128205128205128,4.128205128205128,412.8205128205128,无明确信号,NO_TRADE,0,0.0,0.0,{},阿根廷,埃及,2026-07-07T16:00:00.000Z,knockout_early,latest_before_kickoff,advance-home,0.8429731674026554,medium,dynamic,0.8142857142857143,2.116,0.479,0,-1.0
122796,dashboard-2026-07-07T15-59-21-722Z:schedule-760509,schedule-760509,home,moneyline,阿根廷胜,0.731909103408959,,0.735,Polymarket,-0.0030908965910410036,0.696909103408959,1.3605442176870748,0.3605442176870748,-277.35849056603774,无明确信号,NO_TRADE,1,35626.0003,48470.7487,{},阿根廷,埃及,2026-07-07T16:00:00.000Z,knockout_early,latest_before_kickoff,advance-home,0.8429731674026554,medium,dynamic,0.8142857142857143,2.116,0.479,1,0.3605442176870748
122793,dashboard-2026-07-07T15-59-21-722Z:schedule-760509,schedule-760509,over25,total,大于 2.5 球,0.49436755718590697,,0.925,Polymarket,-0.4306324428140931,0.45936755718590694,1.081081081081081,0.08108108108108092,-1233.3333333333342,回避,AVOID_OR_SELL,0,0.0,0.0,{},阿根廷,埃及,2026-07-07T16:00:00.000Z,knockout_early,latest_before_kickoff,advance-home,0.8429731674026554,medium,dynamic,0.8142857142857143,2.116,0.479,1,0.08108108108108092
122800,dashboard-2026-07-07T15-59-21-722Z:schedule-760509,schedule-760509,under25,total,小于 2.5 球,0.505632442814093,,0.075,Polymarket,0.430632442814093,0.44563244281409303,13.333333333333334,12.333333333333334,1233.3333333333335,复盘降级观察,WATCH,0,0.0,0.0,{},阿根廷,埃及,2026-07-07T16:00:00.000Z,knockout_early,latest_before_kickoff,advance-home,0.8429731674026554,medium,dynamic,0.8142857142857143,2.116,0.479,0,-1.0
129074,dashboard-2026-07-09T19-58-56-227Z:schedule-760510,schedule-760510,advance-away,advance,摩洛哥晋级,0.2740154608376251,,0.22375,Polymarket,0.05026546083762512,0.23401546083762512,4.4692737430167595,3.4692737430167595,346.92737430167597,复盘降级观察,WATCH,0,0.0,0.0,{},法国,摩洛哥,2026-07-09T20:00:00.000Z,quarterfinal_window,latest_before_kickoff,advance-home,0.7259845391623749,medium,dynamic,0.8142857142857143,1.732,0.744,0,-1.0
129084,dashboard-2026-07-09T19-58-56-227Z:schedule-760510,schedule-760510,advance-home,advance,法国晋级,0.7259845391623749,,0.77625,Polymarket,-0.050265460837625064,0.6909845391623749,1.288244766505636,0.288244766505636,-346.92737430167597,回避,AVOID_OR_SELL,0,0.0,0.0,{},法国,摩洛哥,2026-07-09T20:00:00.000Z,quarterfinal_window,latest_before_kickoff,advance-home,0.7259845391623749,medium,dynamic,0.8142857142857143,1.732,0.744,1,0.288244766505636
129078,dashboard-2026-07-09T19-58-56-227Z:schedule-760510,schedule-760510,bttsNo,btts,不是两队都有进球,0.5541631117004695,,0.495,Polymarket,0.059163111700469506,0.4941631117004695,2.0202020202020203,1.0202020202020203,102.02020202020202,复盘降级不买,NO_TRADE,0,0.0,0.0,{},法国,摩洛哥,2026-07-09T20:00:00.000Z,quarterfinal_window,latest_before_kickoff,advance-home,0.7259845391623749,medium,dynamic,0.8142857142857143,1.732,0.744,1,1.0202020202020203
129080,dashboard-2026-07-09T19-58-56-227Z:schedule-760510,schedule-760510,bttsYes,btts,两队都有进球,0.4458368882995305,,0.505,Polymarket,-0.059163111700469506,0.41083688829953047,1.9801980198019802,0.9801980198019802,-102.02020202020202,回避,AVOID_OR_SELL,0,0.0,0.0,{},法国,摩洛哥,2026-07-09T20:00:00.000Z,quarterfinal_window,latest_before_kickoff,advance-home,0.7259845391623749,medium,dynamic,0.8142857142857143,1.732,0.744,0,-1.0
129075,dashboard-2026-07-09T19-58-56-227Z:schedule-760510,schedule-760510,schedule-760510-auto-handicap-away,handicap,摩洛哥 受让 1.5 球,0.6672135406237633,0.0,0.64,本地盘口快照,0.027213540623763244,0.6272135406237632,1.5625,0.5625,-177.77777777777777,复盘降级不买,NO_TRADE,0,0.0,0.0,{},法国,摩洛哥,2026-07-09T20:00:00.000Z,quarterfinal_window,latest_before_kickoff,advance-home,0.7259845391623749,medium,dynamic,0.8142857142857143,1.732,0.744,0,-1.0
129083,dashboard-2026-07-09T19-58-56-227Z:schedule-760510,schedule-760510,schedule-760510-auto-handicap-home,handicap,法国 让 1.5 球,0.33278645937623763,0.0,0.35875,Polymarket,-0.025963540623762382,0.2977864593762376,2.787456445993031,1.787456445993031,178.74564459930312,无明确信号,NO_TRADE,0,0.0,0.0,{},法国,摩洛哥,2026-07-09T20:00:00.000Z,quarterfinal_window,latest_before_kickoff,advance-home,0.7259845391623749,medium,dynamic,0.8142857142857143,1.732,0.744,1,1.787456445993031
129082,dashboard-2026-07-09T19-58-56-227Z:schedule-760510,schedule-760510,away,moneyline,摩洛哥胜,0.17458718992438313,,0.14125,Polymarket,0.03333718992438314,0.13958718992438313,7.079646017699115,6.079646017699115,607.9646017699116,无明确信号,NO_TRADE,0,0.0,0.0,{},法国,摩洛哥,2026-07-09T20:00:00.000Z,quarterfinal_window,latest_before_kickoff,advance-home,0.7259845391623749,medium,dynamic,0.8142857142857143,1.732,0.744,0,-1.0
129077,dashboard-2026-07-09T19-58-56-227Z:schedule-760510,schedule-760510,draw,moneyline,平局,0.2470173003790464,,0.24375,Polymarket,0.003267300379046406,0.2120173003790464,4.102564102564103,3.102564102564103,310.2564102564103,无明确信号,NO_TRADE,0,0.0,0.0,{},法国,摩洛哥,2026-07-09T20:00:00.000Z,quarterfinal_window,latest_before_kickoff,advance-home,0.7259845391623749,medium,dynamic,0.8142857142857143,1.732,0.744,0,-1.0
129081,dashboard-2026-07-09T19-58-56-227Z:schedule-760510,schedule-760510,home,moneyline,法国胜,0.5783955096965705,,0.61625,Polymarket,-0.03785449030342947,0.5433955096965705,1.622718052738337,0.6227180527383369,-160.58631921824102,回避,AVOID_OR_SELL,2,1999750.9386,3257799.7713,{},法国,摩洛哥,2026-07-09T20:00:00.000Z,quarterfinal_window,latest_before_kickoff,advance-home,0.7259845391623749,medium,dynamic,0.8142857142857143,1.732,0.744,1,0.6227180527383369
129076,dashboard-2026-07-09T19-58-56-227Z:schedule-760510,schedule-760510,over25,total,大于 2.5 球,0.4589285108267601,,0.655,Polymarket,-0.1960714891732399,0.4239285108267601,1.5267175572519083,0.5267175572519083,-189.85507246376812,回避,AVOID_OR_SELL,0,0.0,0.0,{},法国,摩洛哥,2026-07-09T20:00:00.000Z,quarterfinal_window,latest_before_kickoff,advance-home,0.7259845391623749,medium,dynamic,0.8142857142857143,1.732,0.744,0,-1.0
129079,dashboard-2026-07-09T19-58-56-227Z:schedule-760510,schedule-760510,under25,total,小于 2.5 球,0.5410714891732399,,0.345,Polymarket,0.1960714891732399,0.4810714891732399,2.8985507246376816,1.8985507246376816,189.85507246376812,复盘降级观察,WATCH,0,0.0,0.0,{},法国,摩洛哥,2026-07-09T20:00:00.000Z,quarterfinal_window,latest_before_kickoff,advance-home,0.7259845391623749,medium,dynamic,0.8142857142857143,1.732,0.744,1,1.8985507246376816
132077,dashboard-2026-07-10T18-59-18-975Z:schedule-760511,schedule-760511,advance-away,advance,比利时晋级,0.37313016694461304,,0.27125,Polymarket,0.10188016694461305,0.33813016694461306,3.686635944700461,2.686635944700461,268.66359447004606,低置信观察,WATCH,2,19965.0011,117967.8542,{},西班牙,比利时,2026-07-10T19:00:00.000Z,quarterfinal_window,latest_before_kickoff,advance-home,0.626869833055387,medium,dynamic,0.8142857142857143,1.452,0.955,0,-1.0
132087,dashboard-2026-07-10T18-59-18-975Z:schedule-760511,schedule-760511,advance-home,advance,西班牙晋级,0.626869833055387,,0.72875,Polymarket,-0.101880166944613,0.591869833055387,1.3722126929674099,0.3722126929674099,-268.66359447004606,回避,AVOID_OR_SELL,1,0.1757,25499.8122,{},西班牙,比利时,2026-07-10T19:00:00.000Z,quarterfinal_window,latest_before_kickoff,advance-home,0.626869833055387,medium,dynamic,0.8142857142857143,1.452,0.955,1,0.3722126929674099
132086,dashboard-2026-07-10T18-59-18-975Z:schedule-760511,schedule-760511,bttsNo,btts,不是两队都有进球,0.5054080792332173,,0.455,Polymarket,0.05040807923321727,0.4454080792332173,2.1978021978021975,1.1978021978021975,119.78021978021977,复盘降级不买,NO_TRADE,1,19937.5167,81518.678,{},西班牙,比利时,2026-07-10T19:00:00.000Z,quarterfinal_window,latest_before_kickoff,advance-home,0.626869833055387,medium,dynamic,0.8142857142857143,1.452,0.955,0,-1.0
132082,dashboard-2026-07-10T18-59-18-975Z:schedule-760511,schedule-760511,bttsYes,btts,两队都有进球,0.4945919207667827,,0.545,Polymarket,-0.05040807923321733,0.4595919207667827,1.8348623853211008,0.8348623853211008,-119.78021978021981,回避,AVOID_OR_SELL,0,0.0,0.0,{},西班牙,比利时,2026-07-10T19:00:00.000Z,quarterfinal_window,latest_before_kickoff,advance-home,0.626869833055387,medium,dynamic,0.8142857142857143,1.452,0.955,1,0.8348623853211008
132084,dashboard-2026-07-10T18-59-18-975Z:schedule-760511,schedule-760511,schedule-760511-auto-handicap-away,handicap,比利时 受让 0.5 球,0.5291744233385589,0.0,0.51,本地盘口快照,0.0191744233385589,0.4691744233385589,1.9607843137254901,0.9607843137254901,-104.08163265306122,复盘降级不买,NO_TRADE,0,0.0,0.0,{},西班牙,比利时,2026-07-10T19:00:00.000Z,quarterfinal_window,latest_before_kickoff,advance-home,0.626869833055387,medium,dynamic,0.8142857142857143,1.452,0.955,0,-1.0
132079,dashboard-2026-07-10T18-59-18-975Z:schedule-760511,schedule-760511,schedule-760511-auto-handicap-home,handicap,西班牙 让 0.5 球,0.4708255766614411,0.0,0.45,本地盘口快照,0.02082557666144108,0.4308255766614411,2.2222222222222223,1.2222222222222223,122.22222222222223,复盘降级不买,NO_TRADE,0,0.0,0.0,{},西班牙,比利时,2026-07-10T19:00:00.000Z,quarterfinal_window,latest_before_kickoff,advance-home,0.626869833055387,medium,dynamic,0.8142857142857143,1.452,0.955,1,1.2222222222222223
132085,dashboard-2026-07-10T18-59-18-975Z:schedule-760511,schedule-760511,away,moneyline,比利时胜,0.25194647946625615,,0.16875,Polymarket,0.08319647946625613,0.19194647946625615,5.925925925925926,4.925925925925926,492.59259259259255,复盘降级观察,WATCH,0,0.0,0.0,{},西班牙,比利时,2026-07-10T19:00:00.000Z,quarterfinal_window,latest_before_kickoff,advance-home,0.626869833055387,medium,dynamic,0.8142857142857143,1.452,0.955,0,-1.0
132080,dashboard-2026-07-10T18-59-18-975Z:schedule-760511,schedule-760511,draw,moneyline,平局,0.2772279438723027,,0.24625,Polymarket,0.03097794387230271,0.2422279438723027,4.060913705583756,3.060913705583756,306.0913705583756,无明确信号,NO_TRADE,0,0.0,0.0,{},西班牙,比利时,2026-07-10T19:00:00.000Z,quarterfinal_window,latest_before_kickoff,advance-home,0.626869833055387,medium,dynamic,0.8142857142857143,1.452,0.955,0,-1.0
132078,dashboard-2026-07-10T18-59-18-975Z:schedule-760511,schedule-760511,home,moneyline,西班牙胜,0.4708255766614411,,0.59125,Polymarket,-0.12042442333855896,0.43582557666144106,1.6913319238900633,0.6913319238900633,-144.6483180428135,回避,AVOID_OR_SELL,1,388532.3683,651681.2618,{},西班牙,比利时,2026-07-10T19:00:00.000Z,quarterfinal_window,latest_before_kickoff,advance-home,0.626869833055387,medium,dynamic,0.8142857142857143,1.452,0.955,1,0.6913319238900633
132081,dashboard-2026-07-10T18-59-18-975Z:schedule-760511,schedule-760511,over25,total,大于 2.5 球,0.4307130333503276,,0.93625,Polymarket,-0.5055369666496724,0.3957130333503276,1.0680907877169559,0.06809078771695587,-1468.6274509803927,回避,AVOID_OR_SELL,1,27552.1908,29429.8129,{},西班牙,比利时,2026-07-10T19:00:00.000Z,quarterfinal_window,latest_before_kickoff,advance-home,0.626869833055387,medium,dynamic,0.8142857142857143,1.452,0.955,1,0.06809078771695587
132083,dashboard-2026-07-10T18-59-18-975Z:schedule-760511,schedule-760511,under25,total,小于 2.5 球,0.5692869666496724,,0.06375,Polymarket,0.5055369666496724,0.5092869666496724,15.686274509803921,14.686274509803921,1468.627450980392,复盘降级观察,WATCH,1,766.61,12034.6941,{},西班牙,比利时,2026-07-10T19:00:00.000Z,quarterfinal_window,latest_before_kickoff,advance-home,0.626869833055387,medium,dynamic,0.8142857142857143,1.452,0.955,0,-1.0
134376,dashboard-2026-07-11T20-40-05-471Z:schedule-760512,schedule-760512,advance-away,advance,英格兰晋级,0.7864229186226952,,0.68125,Polymarket,0.10517291862269518,0.7514229186226952,1.4678899082568806,0.4678899082568806,-213.72549019607845,低置信观察,WATCH,4,1695528.1546,2489031.3485,{},挪威,英格兰,2026-07-11T21:00:00.000Z,quarterfinal_window,latest_before_kickoff,advance-away,0.7864229186226952,medium,dynamic,0.8142857142857143,0.471,1.581,1,0.4678899082568806
134386,dashboard-2026-07-11T20-40-05-471Z:schedule-760512,schedule-760512,advance-home,advance,挪威晋级,0.21357708137730474,,0.31875,Polymarket,-0.10517291862269523,0.17857708137730474,3.1372549019607847,2.1372549019607847,213.72549019607845,回避,AVOID_OR_SELL,0,0.0,0.0,{},挪威,英格兰,2026-07-11T21:00:00.000Z,quarterfinal_window,latest_before_kickoff,advance-away,0.7864229186226952,medium,dynamic,0.8142857142857143,0.471,1.581,0,-1.0
134380,dashboard-2026-07-11T20-40-05-471Z:schedule-760512,schedule-760512,bttsNo,btts,不是两队都有进球,0.6828793175820462,,0.375,Polymarket,0.30787931758204623,0.6428793175820462,2.6666666666666665,1.6666666666666665,166.66666666666666,复盘降级观察,WATCH,0,0.0,0.0,{},挪威,英格兰,2026-07-11T21:00:00.000Z,quarterfinal_window,latest_before_kickoff,advance-away,0.7864229186226952,medium,dynamic,0.8142857142857143,0.471,1.581,0,-1.0
134385,dashboard-2026-07-11T20-40-05-471Z:schedule-760512,schedule-760512,bttsYes,btts,两队都有进球,0.31712068241795377,,0.625,Polymarket,-0.30787931758204623,0.28212068241795374,1.6,0.6000000000000001,-166.66666666666666,回避,AVOID_OR_SELL,1,115587.228,184939.5648,{},挪威,英格兰,2026-07-11T21:00:00.000Z,quarterfinal_window,latest_before_kickoff,advance-away,0.7864229186226952,medium,dynamic,0.8142857142857143,0.471,1.581,1,0.6000000000000001
134384,dashboard-2026-07-11T20-40-05-471Z:schedule-760512,schedule-760512,schedule-760512-auto-handicap-away,handicap,英格兰 让 1.5 球,0.3464672607368726,0.0,0.06875,Polymarket,0.27771726073687264,0.2864672607368726,14.545454545454545,13.545454545454545,1354.5454545454545,复盘降级观察,WATCH,0,0.0,0.0,{},挪威,英格兰,2026-07-11T21:00:00.000Z,quarterfinal_window,latest_before_kickoff,advance-away,0.7864229186226952,medium,dynamic,0.8142857142857143,0.471,1.581,0,-1.0
134377,dashboard-2026-07-11T20-40-05-471Z:schedule-760512,schedule-760512,schedule-760512-auto-handicap-home,handicap,挪威 受让 1.5 球,0.6535327392631284,0.0,0.62,本地盘口快照,0.033532739263128386,0.6135327392631283,1.6129032258064517,0.6129032258064517,-163.1578947368421,复盘降级不买,NO_TRADE,0,0.0,0.0,{},挪威,英格兰,2026-07-11T21:00:00.000Z,quarterfinal_window,latest_before_kickoff,advance-away,0.7864229186226952,medium,dynamic,0.8142857142857143,0.471,1.581,1,0.6129032258064517
134382,dashboard-2026-07-11T20-40-05-471Z:schedule-760512,schedule-760512,away,moneyline,英格兰胜,0.6253484176655165,,0.53375,Polymarket,0.09159841766551657,0.5653484176655166,1.873536299765808,0.873536299765808,-114.47721179624662,复盘降级观察,WATCH,2,1766135.0921,3673056.4209,{},挪威,英格兰,2026-07-11T21:00:00.000Z,quarterfinal_window,latest_before_kickoff,advance-away,0.7864229186226952,medium,dynamic,0.8142857142857143,0.471,1.581,1,0.873536299765808
134381,dashboard-2026-07-11T20-40-05-471Z:schedule-760512,schedule-760512,draw,moneyline,平局,0.2597975821889979,,0.24625,Polymarket,0.013547582188997903,0.2247975821889979,4.060913705583756,3.060913705583756,306.0913705583756,无明确信号,NO_TRADE,0,0.0,0.0,{},挪威,英格兰,2026-07-11T21:00:00.000Z,quarterfinal_window,latest_before_kickoff,advance-away,0.7864229186226952,medium,dynamic,0.8142857142857143,0.471,1.581,0,-1.0
134383,dashboard-2026-07-11T20-40-05-471Z:schedule-760512,schedule-760512,home,moneyline,挪威胜,0.11485400014548554,,0.21875,Polymarket,-0.10389599985451446,0.07985400014548553,4.571428571428571,3.571428571428571,357.14285714285717,回避,AVOID_OR_SELL,0,0.0,0.0,{},挪威,英格兰,2026-07-11T21:00:00.000Z,quarterfinal_window,latest_before_kickoff,advance-away,0.7864229186226952,medium,dynamic,0.8142857142857143,0.471,1.581,0,-1.0
134379,dashboard-2026-07-11T20-40-05-471Z:schedule-760512,schedule-760512,over25,total,大于 2.5 球,0.3393754269541909,,0.94375,Polymarket,-0.6043745730458091,0.30437542695419084,1.0596026490066226,0.0596026490066226,-1677.7777777777771,回避,AVOID_OR_SELL,1,8870.7333,9375.1144,{},挪威,英格兰,2026-07-11T21:00:00.000Z,quarterfinal_window,latest_before_kickoff,advance-away,0.7864229186226952,medium,dynamic,0.8142857142857143,0.471,1.581,1,0.0596026490066226
134378,dashboard-2026-07-11T20-40-05-471Z:schedule-760512,schedule-760512,under25,total,小于 2.5 球,0.6606245730458091,,0.05625,Polymarket,0.6043745730458091,0.6206245730458091,17.77777777777778,16.77777777777778,1677.7777777777778,复盘降级观察,WATCH,1,101.273,1885.9047,{},挪威,英格兰,2026-07-11T21:00:00.000Z,quarterfinal_window,latest_before_kickoff,advance-away,0.7864229186226952,medium,dynamic,0.8142857142857143,0.471,1.581,0,-1.0
134846,dashboard-2026-07-12T00-48-45-849Z:schedule-760513,schedule-760513,advance-away,advance,瑞士晋级,0.22229602711960728,,0.24375,Polymarket,-0.02145397288039272,0.18729602711960727,4.102564102564103,3.102564102564103,310.2564102564103,无明确信号,NO_TRADE,0,0.0,0.0,{},阿根廷,瑞士,2026-07-12T01:00:00.000Z,quarterfinal_window,latest_before_kickoff,advance-home,0.7777039728803927,medium,dynamic,0.6714285714285715,1.861,0.668,0,-1.0
134840,dashboard-2026-07-12T00-48-45-849Z:schedule-760513,schedule-760513,advance-home,advance,阿根廷晋级,0.7777039728803927,,0.75625,Polymarket,0.021453972880392747,0.7427039728803927,1.322314049586777,0.3223140495867769,-310.2564102564102,无明确信号,NO_TRADE,2,499367.18039999995,660363.8991,{},阿根廷,瑞士,2026-07-12T01:00:00.000Z,quarterfinal_window,latest_before_kickoff,advance-home,0.7777039728803927,medium,dynamic,0.6714285714285715,1.861,0.668,1,0.3223140495867769
134838,dashboard-2026-07-12T00-48-45-849Z:schedule-760513,schedule-760513,bttsNo,btts,不是两队都有进球,0.5779372900115713,,0.545,Polymarket,0.03293729001157131,0.5429372900115713,1.8348623853211008,0.8348623853211008,-119.78021978021981,无明确信号,NO_TRADE,0,0.0,0.0,{},阿根廷,瑞士,2026-07-12T01:00:00.000Z,quarterfinal_window,latest_before_kickoff,advance-home,0.7777039728803927,medium,dynamic,0.6714285714285715,1.861,0.668,0,-1.0
134848,dashboard-2026-07-12T00-48-45-849Z:schedule-760513,schedule-760513,bttsYes,btts,两队都有进球,0.4220627099884287,,0.455,Polymarket,-0.03293729001157131,0.38706270998842873,2.1978021978021975,1.1978021978021975,119.78021978021977,无明确信号,NO_TRADE,0,0.0,0.0,{},阿根廷,瑞士,2026-07-12T01:00:00.000Z,quarterfinal_window,latest_before_kickoff,advance-home,0.7777039728803927,medium,dynamic,0.6714285714285715,1.861,0.668,1,1.1978021978021975
134839,dashboard-2026-07-12T00-48-45-849Z:schedule-760513,schedule-760513,schedule-760513-auto-handicap-away,handicap,瑞士 受让 1.5 球,0.6145803480017338,0.0,0.59,本地盘口快照,0.02458034800173381,0.5745803480017337,1.6949152542372883,0.6949152542372883,-143.90243902439022,复盘降级不买,NO_TRADE,0,0.0,0.0,{},阿根廷,瑞士,2026-07-12T01:00:00.000Z,quarterfinal_window,latest_before_kickoff,advance-home,0.7777039728803927,medium,dynamic,0.6714285714285715,1.861,0.668,0,-1.0
134847,dashboard-2026-07-12T00-48-45-849Z:schedule-760513,schedule-760513,schedule-760513-auto-handicap-home,handicap,阿根廷 让 1.5 球,0.38541965199826406,0.0,0.29875,Polymarket,0.08666965199826404,0.32541965199826406,3.3472803347280333,2.3472803347280333,234.72803347280333,复盘降级观察,WATCH,0,0.0,0.0,{},阿根廷,瑞士,2026-07-12T01:00:00.000Z,quarterfinal_window,latest_before_kickoff,advance-home,0.7777039728803927,medium,dynamic,0.6714285714285715,1.861,0.668,1,2.3472803347280333
134845,dashboard-2026-07-12T00-48-45-849Z:schedule-760513,schedule-760513,away,moneyline,瑞士胜,0.1351180155421031,,0.14375,Polymarket,-0.008631984457896896,0.10011801554210309,6.9565217391304355,5.9565217391304355,595.6521739130435,无明确信号,NO_TRADE,0,0.0,0.0,{},阿根廷,瑞士,2026-07-12T01:00:00.000Z,quarterfinal_window,latest_before_kickoff,advance-home,0.7777039728803927,medium,dynamic,0.6714285714285715,1.861,0.668,0,-1.0
134842,dashboard-2026-07-12T00-48-45-849Z:schedule-760513,schedule-760513,draw,moneyline,平局,0.22764741327971785,,0.29125,Polymarket,-0.06360258672028216,0.19264741327971785,3.4334763948497855,2.4334763948497855,243.34763948497854,回避,AVOID_OR_SELL,0,0.0,0.0,{},阿根廷,瑞士,2026-07-12T01:00:00.000Z,quarterfinal_window,latest_before_kickoff,advance-home,0.7777039728803927,medium,dynamic,0.6714285714285715,1.861,0.668,0,-1.0
134843,dashboard-2026-07-12T00-48-45-849Z:schedule-760513,schedule-760513,home,moneyline,阿根廷胜,0.637234571178179,,0.56875,Polymarket,0.06848457117817908,0.577234571178179,1.7582417582417582,0.7582417582417582,-131.8840579710145,复盘降级观察,WATCH,1,201298.2456,350877.1929,{},阿根廷,瑞士,2026-07-12T01:00:00.000Z,quarterfinal_window,latest_before_kickoff,advance-home,0.7777039728803927,medium,dynamic,0.6714285714285715,1.861,0.668,1,0.7582417582417582
134841,dashboard-2026-07-12T00-48-45-849Z:schedule-760513,schedule-760513,over25,total,大于 2.5 球,0.4663267846130771,,0.89875,Polymarket,-0.43242321538692297,0.43132678461307705,1.1126564673157162,0.11265646731571621,-887.6543209876547,回避,AVOID_OR_SELL,2,45198.7785,50153.993,{},阿根廷,瑞士,2026-07-12T01:00:00.000Z,quarterfinal_window,latest_before_kickoff,advance-home,0.7777039728803927,medium,dynamic,0.6714285714285715,1.861,0.668,1,0.11265646731571621
134844,dashboard-2026-07-12T00-48-45-849Z:schedule-760513,schedule-760513,under25,total,小于 2.5 球,0.5336732153869229,,0.10125,Polymarket,0.4324232153869229,0.4736732153869229,9.876543209876543,8.876543209876543,887.6543209876543,复盘降级观察,WATCH,1,41.2402,417.8348,{},阿根廷,瑞士,2026-07-12T01:00:00.000Z,quarterfinal_window,latest_before_kickoff,advance-home,0.7777039728803927,medium,dynamic,0.6714285714285715,1.861,0.668,0,-1.0
139761,dashboard-2026-07-14T18-57-47-903Z:schedule-760514,schedule-760514,advance-away,advance,西班牙晋级,0.4401848022864902,,0.44125,Polymarket,-0.001065197713509769,0.40518480228649023,2.26628895184136,1.2662889518413598,126.628895184136,无明确信号,NO_TRADE,4,686638.1704,2081437.8548,{},法国,西班牙,2026-07-14T19:00:00.000Z,semifinal_window,latest_before_kickoff,advance-home,0.5598151977135098,medium,dynamic,0.8142857142857143,1.277,1.068,1,1.2662889518413598
139760,dashboard-2026-07-14T18-57-47-903Z:schedule-760514,schedule-760514,advance-home,advance,法国晋级,0.5598151977135098,,0.55875,Polymarket,0.00106519771350988,0.5248151977135098,1.789709172259508,0.789709172259508,-126.62889518413597,无明确信号,NO_TRADE,1,169110.0,300000.0,{},法国,西班牙,2026-07-14T19:00:00.000Z,semifinal_window,latest_before_kickoff,advance-home,0.5598151977135098,medium,dynamic,0.8142857142857143,1.277,1.068,0,-1.0
139764,dashboard-2026-07-14T18-57-47-903Z:schedule-760514,schedule-760514,bttsNo,btts,不是两队都有进球,0.4995762917094143,,0.785,Polymarket,-0.2854237082905857,0.4645762917094143,1.2738853503184713,0.2738853503184713,-365.1162790697675,回避,AVOID_OR_SELL,0,0.0,0.0,{},法国,西班牙,2026-07-14T19:00:00.000Z,semifinal_window,latest_before_kickoff,advance-home,0.5598151977135098,medium,dynamic,0.8142857142857143,1.277,1.068,1,0.2738853503184713
139763,dashboard-2026-07-14T18-57-47-903Z:schedule-760514,schedule-760514,bttsYes,btts,两队都有进球,0.5004237082905857,,0.215,Polymarket,0.2854237082905857,0.4404237082905857,4.651162790697675,3.6511627906976747,365.1162790697675,复盘降级观察,WATCH,0,0.0,0.0,{},法国,西班牙,2026-07-14T19:00:00.000Z,semifinal_window,latest_before_kickoff,advance-home,0.5598151977135098,medium,dynamic,0.8142857142857143,1.277,1.068,0,-1.0
139762,dashboard-2026-07-14T18-57-47-903Z:schedule-760514,schedule-760514,schedule-760514-auto-handicap-away,handicap,西班牙 受让 0.5 球,0.597765032520857,0.0,0.57,本地盘口快照,0.027765032520857047,0.537765032520857,1.7543859649122808,0.7543859649122808,-132.55813953488368,复盘降级不买,NO_TRADE,0,0.0,0.0,{},法国,西班牙,2026-07-14T19:00:00.000Z,semifinal_window,latest_before_kickoff,advance-home,0.5598151977135098,medium,dynamic,0.8142857142857143,1.277,1.068,1,0.7543859649122808
139759,dashboard-2026-07-14T18-57-47-903Z:schedule-760514,schedule-760514,schedule-760514-auto-handicap-home,handicap,法国 让 0.5 球,0.402234967479143,0.0,0.39,本地盘口快照,0.012234967479142989,0.362234967479143,2.564102564102564,1.5641025641025639,156.4102564102564,复盘降级不买,NO_TRADE,0,0.0,0.0,{},法国,西班牙,2026-07-14T19:00:00.000Z,semifinal_window,latest_before_kickoff,advance-home,0.5598151977135098,medium,dynamic,0.8142857142857143,1.277,1.068,0,-1.0
139765,dashboard-2026-07-14T18-57-47-903Z:schedule-760514,schedule-760514,away,moneyline,西班牙胜,0.29460964430974923,,0.30125,Polymarket,-0.006640355690250788,0.2596096443097492,3.3195020746887964,2.3195020746887964,231.95020746887965,无明确信号,NO_TRADE,2,195127.09329999998,1504595.2291,{},法国,西班牙,2026-07-14T19:00:00.000Z,semifinal_window,latest_before_kickoff,advance-home,0.5598151977135098,medium,dynamic,0.8142857142857143,1.277,1.068,1,2.3195020746887964
139755,dashboard-2026-07-14T18-57-47-903Z:schedule-760514,schedule-760514,draw,moneyline,平局,0.3031553882111077,,0.32875,Polymarket,-0.025594611788892274,0.26815538821110774,3.0418250950570345,2.0418250950570345,204.18250950570342,无明确信号,NO_TRADE,2,257341.5,820000.0,{},法国,西班牙,2026-07-14T19:00:00.000Z,semifinal_window,latest_before_kickoff,advance-home,0.5598151977135098,medium,dynamic,0.8142857142857143,1.277,1.068,0,-1.0
139758,dashboard-2026-07-14T18-57-47-903Z:schedule-760514,schedule-760514,home,moneyline,法国胜,0.402234967479143,,0.36625,Polymarket,0.03598496747914298,0.362234967479143,2.73037542662116,1.7303754266211602,173.03754266211604,复盘降级观察,WATCH,1,112339.246,304690.1167,{},法国,西班牙,2026-07-14T19:00:00.000Z,semifinal_window,latest_before_kickoff,advance-home,0.5598151977135098,medium,dynamic,0.8142857142857143,1.277,1.068,0,-1.0
139756,dashboard-2026-07-14T18-57-47-903Z:schedule-760514,schedule-760514,over25,total,大于 2.5 球,0.42292167878720244,,0.91375,Polymarket,-0.4908283212127975,0.3879216787872024,1.094391244870041,0.09439124487004102,-1059.4202898550718,回避,AVOID_OR_SELL,0,0.0,0.0,{},法国,西班牙,2026-07-14T19:00:00.000Z,semifinal_window,latest_before_kickoff,advance-home,0.5598151977135098,medium,dynamic,0.8142857142857143,1.277,1.068,0,-1.0
139757,dashboard-2026-07-14T18-57-47-903Z:schedule-760514,schedule-760514,under25,total,小于 2.5 球,0.5770783212127976,,0.08625,Polymarket,0.49082832121279757,0.5420783212127975,11.594202898550726,10.594202898550726,1059.4202898550725,低置信观察,WATCH,1,10868.3928,129849.3764,{},法国,西班牙,2026-07-14T19:00:00.000Z,semifinal_window,latest_before_kickoff,advance-home,0.5598151977135098,medium,dynamic,0.8142857142857143,1.277,1.068,1,10.594202898550726
140844,dashboard-2026-07-15T18-52-01-159Z:schedule-760515,schedule-760515,advance-away,advance,阿根廷晋级,0.5077194118670125,,0.46375,Polymarket,0.04396941186701253,0.46771941186701255,2.1563342318059298,1.1563342318059298,115.633423180593,复盘降级观察,WATCH,5,1337160.8468,3261897.4082,{},英格兰,阿根廷,2026-07-15T19:00:00.000Z,semifinal_window,latest_before_kickoff,advance-away,0.5077194118670125,medium,dynamic,0.8142857142857143,1.064,1.117,1,1.1563342318059298
140853,dashboard-2026-07-15T18-52-01-159Z:schedule-760515,schedule-760515,advance-home,advance,英格兰晋级,0.4922805881329876,,0.53625,Polymarket,-0.04396941186701242,0.45728058813298755,1.8648018648018647,0.8648018648018647,-115.633423180593,回避,AVOID_OR_SELL,1,260957.0433,484419.9802,{},英格兰,阿根廷,2026-07-15T19:00:00.000Z,semifinal_window,latest_before_kickoff,advance-away,0.5077194118670125,medium,dynamic,0.8142857142857143,1.064,1.117,0,-1.0
140851,dashboard-2026-07-15T18-52-01-159Z:schedule-760515,schedule-760515,bttsNo,btts,不是两队都有进球,0.5538282872539595,,0.465,Polymarket,0.08882828725395947,0.4938282872539595,2.150537634408602,1.150537634408602,115.0537634408602,复盘降级观察,WATCH,1,71617.883,150519.2831,{},英格兰,阿根廷,2026-07-15T19:00:00.000Z,semifinal_window,latest_before_kickoff,advance-away,0.5077194118670125,medium,dynamic,0.8142857142857143,1.064,1.117,0,-1.0
140854,dashboard-2026-07-15T18-52-01-159Z:schedule-760515,schedule-760515,bttsYes,btts,两队都有进球,0.4461717127460405,,0.535,Polymarket,-0.08882828725395953,0.4111717127460405,1.8691588785046729,0.8691588785046729,-115.05376344086022,回避,AVOID_OR_SELL,0,0.0,0.0,{},英格兰,阿根廷,2026-07-15T19:00:00.000Z,semifinal_window,latest_before_kickoff,advance-away,0.5077194118670125,medium,dynamic,0.8142857142857143,1.064,1.117,1,0.8691588785046729
140850,dashboard-2026-07-15T18-52-01-159Z:schedule-760515,schedule-760515,schedule-760515-auto-handicap-away,handicap,阿根廷 受让 0.5 球,0.6722460542768494,0.0,0.64,本地盘口快照,0.032246054276849345,0.6122460542768493,1.5625,0.5625,-177.77777777777777,复盘降级不买,NO_TRADE,0,0.0,0.0,{},英格兰,阿根廷,2026-07-15T19:00:00.000Z,semifinal_window,latest_before_kickoff,advance-away,0.5077194118670125,medium,dynamic,0.8142857142857143,1.064,1.117,1,0.5625
140847,dashboard-2026-07-15T18-52-01-159Z:schedule-760515,schedule-760515,schedule-760515-auto-handicap-home,handicap,英格兰 让 0.5 球,0.3277539457231505,0.0,0.32,本地盘口快照,0.007753945723150468,0.2877539457231505,3.125,2.125,212.5,复盘降级不买,NO_TRADE,0,0.0,0.0,{},英格兰,阿根廷,2026-07-15T19:00:00.000Z,semifinal_window,latest_before_kickoff,advance-away,0.5077194118670125,medium,dynamic,0.8142857142857143,1.064,1.117,0,-1.0
140848,dashboard-2026-07-15T18-52-01-159Z:schedule-760515,schedule-760515,away,moneyline,阿根廷胜,0.33622800465175984,,0.31125,Polymarket,0.02497800465175981,0.3012280046517598,3.2128514056224895,2.2128514056224895,221.28514056224898,无明确信号,NO_TRADE,1,52860.9773,237653.8241,{},英格兰,阿根廷,2026-07-15T19:00:00.000Z,semifinal_window,latest_before_kickoff,advance-away,0.5077194118670125,medium,dynamic,0.8142857142857143,1.064,1.117,1,2.2128514056224895
140846,dashboard-2026-07-15T18-52-01-159Z:schedule-760515,schedule-760515,draw,moneyline,平局,0.3360180496250896,,0.33875,Polymarket,-0.002731950374910419,0.3010180496250896,2.952029520295203,1.952029520295203,195.2029520295203,无明确信号,NO_TRADE,0,0.0,0.0,{},英格兰,阿根廷,2026-07-15T19:00:00.000Z,semifinal_window,latest_before_kickoff,advance-away,0.5077194118670125,medium,dynamic,0.8142857142857143,1.064,1.117,0,-1.0
140852,dashboard-2026-07-15T18-52-01-159Z:schedule-760515,schedule-760515,home,moneyline,英格兰胜,0.3277539457231505,,0.34875,Polymarket,-0.02099605427684953,0.2927539457231505,2.867383512544803,1.8673835125448028,186.73835125448028,无明确信号,NO_TRADE,1,23901.7689,189715.0116,{},英格兰,阿根廷,2026-07-15T19:00:00.000Z,semifinal_window,latest_before_kickoff,advance-away,0.5077194118670125,medium,dynamic,0.8142857142857143,1.064,1.117,0,-1.0
140849,dashboard-2026-07-15T18-52-01-159Z:schedule-760515,schedule-760515,over25,total,大于 2.5 球,0.35511754194557055,,0.88625,Polymarket,-0.5311324580544294,0.3201175419455705,1.1283497884344147,0.1283497884344147,-779.120879120879,回避,AVOID_OR_SELL,1,896.0597,1011.1258,{},英格兰,阿根廷,2026-07-15T19:00:00.000Z,semifinal_window,latest_before_kickoff,advance-away,0.5077194118670125,medium,dynamic,0.8142857142857143,1.064,1.117,1,0.1283497884344147
140845,dashboard-2026-07-15T18-52-01-159Z:schedule-760515,schedule-760515,under25,total,小于 2.5 球,0.6448824580544295,,0.11375,Polymarket,0.5311324580544294,0.6048824580544294,8.79120879120879,7.79120879120879,779.1208791208791,复盘降级观察,WATCH,3,16042.0549,141089.94960000002,{},英格兰,阿根廷,2026-07-15T19:00:00.000Z,semifinal_window,latest_before_kickoff,advance-away,0.5077194118670125,medium,dynamic,0.8142857142857143,1.064,1.117,0,-1.0
145961,dashboard-2026-07-18T20-52-43-673Z:schedule-760516,schedule-760516,advance-away,advance,英格兰晋级,0.39923407110849446,,0.305,Polymarket,0.09423407110849447,0.3642340711084945,3.278688524590164,2.278688524590164,227.8688524590164,低置信观察,WATCH,0,0.0,0.0,{},法国,英格兰,2026-07-18T21:00:00.000Z,final_window,latest_before_kickoff,advance-home,0.6007659288915055,medium,dynamic,0.8142857142857143,1.36,0.953,1,2.278688524590164
145971,dashboard-2026-07-18T20-52-43-673Z:schedule-760516,schedule-760516,advance-home,advance,法国晋级,0.6007659288915055,,0.695,Polymarket,-0.09423407110849447,0.5657659288915055,1.4388489208633095,0.4388489208633095,-227.86885245901635,回避,AVOID_OR_SELL,3,760860.1033000001,1094920.2812,{},法国,英格兰,2026-07-18T21:00:00.000Z,final_window,latest_before_kickoff,advance-home,0.6007659288915055,medium,dynamic,0.8142857142857143,1.36,0.953,0,-1.0
145968,dashboard-2026-07-18T20-52-43-673Z:schedule-760516,schedule-760516,bttsNo,btts,不是两队都有进球,0.5376094120149252,,0.335,Polymarket,0.20260941201492516,0.4776094120149252,2.9850746268656714,1.9850746268656714,198.50746268656715,复盘降级观察,WATCH,0,0.0,0.0,{},法国,英格兰,2026-07-18T21:00:00.000Z,final_window,latest_before_kickoff,advance-home,0.6007659288915055,medium,dynamic,0.8142857142857143,1.36,0.953,0,-1.0
145970,dashboard-2026-07-18T20-52-43-673Z:schedule-760516,schedule-760516,bttsYes,btts,两队都有进球,0.4623905879850748,,0.665,Polymarket,-0.20260941201492522,0.4273905879850748,1.5037593984962405,0.5037593984962405,-198.50746268656718,回避,AVOID_OR_SELL,0,0.0,0.0,{},法国,英格兰,2026-07-18T21:00:00.000Z,final_window,latest_before_kickoff,advance-home,0.6007659288915055,medium,dynamic,0.8142857142857143,1.36,0.953,1,0.5037593984962405
145967,dashboard-2026-07-18T20-52-43-673Z:schedule-760516,schedule-760516,schedule-760516-auto-handicap-away,handicap,英格兰 受让 0.5 球,0.5538552623575292,0.0,0.53,本地盘口快照,0.023855262357529217,0.49385526235752925,1.8867924528301885,0.8867924528301885,-112.76595744680851,复盘降级不买,NO_TRADE,0,0.0,0.0,{},法国,英格兰,2026-07-18T21:00:00.000Z,final_window,latest_before_kickoff,advance-home,0.6007659288915055,medium,dynamic,0.8142857142857143,1.36,0.953,1,0.8867924528301885
145965,dashboard-2026-07-18T20-52-43-673Z:schedule-760516,schedule-760516,schedule-760516-auto-handicap-home,handicap,法国 让 0.5 球,0.44614473764247076,0.0,0.43,本地盘口快照,0.016144737642470763,0.4061447376424708,2.3255813953488373,1.3255813953488373,132.55813953488374,复盘降级不买,NO_TRADE,0,0.0,0.0,{},法国,英格兰,2026-07-18T21:00:00.000Z,final_window,latest_before_kickoff,advance-home,0.6007659288915055,medium,dynamic,0.8142857142857143,1.36,0.953,0,-1.0
145969,dashboard-2026-07-18T20-52-43-673Z:schedule-760516,schedule-760516,away,moneyline,英格兰胜,0.2675871262681189,,0.215,Polymarket,0.05258712626811893,0.20758712626811893,4.651162790697675,3.6511627906976747,365.1162790697675,复盘降级不买,NO_TRADE,0,0.0,0.0,{},法国,英格兰,2026-07-18T21:00:00.000Z,final_window,latest_before_kickoff,advance-home,0.6007659288915055,medium,dynamic,0.8142857142857143,1.36,0.953,1,3.6511627906976747
145966,dashboard-2026-07-18T20-52-43-673Z:schedule-760516,schedule-760516,draw,moneyline,平局,0.2862681360894103,,0.225,Polymarket,0.06126813608941031,0.2462681360894103,4.444444444444445,3.4444444444444446,344.44444444444446,复盘降级观察,WATCH,0,0.0,0.0,{},法国,英格兰,2026-07-18T21:00:00.000Z,final_window,latest_before_kickoff,advance-home,0.6007659288915055,medium,dynamic,0.8142857142857143,1.36,0.953,0,-1.0
145964,dashboard-2026-07-18T20-52-43-673Z:schedule-760516,schedule-760516,home,moneyline,法国胜,0.44614473764247076,,0.565,Polymarket,-0.11885526235752919,0.4111447376424707,1.7699115044247788,0.7699115044247788,-129.88505747126433,回避,AVOID_OR_SELL,2,254114.9265,457864.73250000004,{},法国,英格兰,2026-07-18T21:00:00.000Z,final_window,latest_before_kickoff,advance-home,0.6007659288915055,medium,dynamic,0.8142857142857143,1.36,0.953,0,-1.0
145962,dashboard-2026-07-18T20-52-43-673Z:schedule-760516,schedule-760516,over25,total,大于 2.5 球,0.4213107794149181,,0.9605,Polymarket,-0.5391892205850819,0.3863107794149181,1.041124414367517,0.041124414367516904,-2431.6455696202543,回避,AVOID_OR_SELL,1,28645.9837,29793.0148,{},法国,英格兰,2026-07-18T21:00:00.000Z,final_window,latest_before_kickoff,advance-home,0.6007659288915055,medium,dynamic,0.8142857142857143,1.36,0.953,1,0.041124414367516904
145963,dashboard-2026-07-18T20-52-43-673Z:schedule-760516,schedule-760516,under25,total,小于 2.5 球,0.5786892205850819,,0.0395,Polymarket,0.5391892205850819,0.5436892205850818,25.31645569620253,24.31645569620253,2431.645569620253,低置信观察,WATCH,0,0.0,0.0,{},法国,英格兰,2026-07-18T21:00:00.000Z,final_window,latest_before_kickoff,advance-home,0.6007659288915055,medium,dynamic,0.8142857142857143,1.36,0.953,0,-1.0
146918,dashboard-2026-07-19T18-29-47-246Z:schedule-760517,schedule-760517,advance-away,advance,阿根廷晋级,0.4801060042856807,,0.41125,Polymarket,0.06885600428568067,0.4401060042856807,2.43161094224924,1.43161094224924,143.161094224924,复盘降级观察,WATCH,2,521535.32409999997,1268325.2047000001,{},西班牙,阿根廷,2026-07-19T19:00:00.000Z,final_window,latest_before_kickoff,advance-home,0.5198939957143194,medium,dynamic,0.7214285714285715,1.165,1.104,0,-1.0
146928,dashboard-2026-07-19T18-29-47-246Z:schedule-760517,schedule-760517,advance-home,advance,西班牙晋级,0.5198939957143194,,0.58875,Polymarket,-0.06885600428568062,0.48489399571431935,1.6985138004246285,0.6985138004246285,-143.161094224924,回避,AVOID_OR_SELL,0,0.0,0.0,{},西班牙,阿根廷,2026-07-19T19:00:00.000Z,final_window,latest_before_kickoff,advance-home,0.5198939957143194,medium,dynamic,0.7214285714285715,1.165,1.104,1,0.6985138004246285
146924,dashboard-2026-07-19T18-29-47-246Z:schedule-760517,schedule-760517,bttsNo,btts,不是两队都有进球,0.5329394448542035,,0.825,Polymarket,-0.29206055514579643,0.4979394448542035,1.2121212121212122,0.21212121212121215,-471.42857142857133,回避,AVOID_OR_SELL,1,15047.175,18239.0,{},西班牙,阿根廷,2026-07-19T19:00:00.000Z,final_window,latest_before_kickoff,advance-home,0.5198939957143194,medium,dynamic,0.7214285714285715,1.165,1.104,1,0.21212121212121215
146927,dashboard-2026-07-19T18-29-47-246Z:schedule-760517,schedule-760517,bttsYes,btts,两队都有进球,0.46706055514579653,,0.175,Polymarket,0.29206055514579654,0.40706055514579653,5.714285714285714,4.714285714285714,471.42857142857144,复盘降级观察,WATCH,0,0.0,0.0,{},西班牙,阿根廷,2026-07-19T19:00:00.000Z,final_window,latest_before_kickoff,advance-home,0.5198939957143194,medium,dynamic,0.7214285714285715,1.165,1.104,0,-1.0
146925,dashboard-2026-07-19T18-29-47-246Z:schedule-760517,schedule-760517,schedule-760517-auto-handicap-away,handicap,阿根廷 受让 0.5 球,0.6345388116251709,0.0,0.61,本地盘口快照,0.02453881162517091,0.5745388116251708,1.639344262295082,0.639344262295082,-156.4102564102564,复盘降级不买,NO_TRADE,0,0.0,0.0,{},西班牙,阿根廷,2026-07-19T19:00:00.000Z,final_window,latest_before_kickoff,advance-home,0.5198939957143194,medium,dynamic,0.7214285714285715,1.165,1.104,0,-1.0
146922,dashboard-2026-07-19T18-29-47-246Z:schedule-760517,schedule-760517,schedule-760517-auto-handicap-home,handicap,西班牙 让 0.5 球,0.36546118837482894,0.0,0.35,本地盘口快照,0.01546118837482896,0.32546118837482896,2.857142857142857,1.8571428571428572,185.71428571428572,复盘降级不买,NO_TRADE,0,0.0,0.0,{},西班牙,阿根廷,2026-07-19T19:00:00.000Z,final_window,latest_before_kickoff,advance-home,0.5198939957143194,medium,dynamic,0.7214285714285715,1.165,1.104,1,1.8571428571428572
146926,dashboard-2026-07-19T18-29-47-246Z:schedule-760517,schedule-760517,away,moneyline,阿根廷胜,0.32715067217921895,,0.26125,Polymarket,0.06590067217921897,0.26715067217921895,3.8277511961722492,2.8277511961722492,282.7751196172249,复盘降级观察,WATCH,0,0.0,0.0,{},西班牙,阿根廷,2026-07-19T19:00:00.000Z,final_window,latest_before_kickoff,advance-home,0.5198939957143194,medium,dynamic,0.7214285714285715,1.165,1.104,0,-1.0
146920,dashboard-2026-07-19T18-29-47-246Z:schedule-760517,schedule-760517,draw,moneyline,平局,0.307388139445952,,0.31875,Polymarket,-0.011361860554047976,0.27238813944595197,3.1372549019607847,2.1372549019607847,213.72549019607845,无明确信号,NO_TRADE,0,0.0,0.0,{},西班牙,阿根廷,2026-07-19T19:00:00.000Z,final_window,latest_before_kickoff,advance-home,0.5198939957143194,medium,dynamic,0.7214285714285715,1.165,1.104,0,-1.0
146921,dashboard-2026-07-19T18-29-47-246Z:schedule-760517,schedule-760517,home,moneyline,西班牙胜,0.36546118837482894,,0.42625,Polymarket,-0.06078881162517108,0.33046118837482896,2.3460410557184748,1.3460410557184748,134.6041055718475,回避,AVOID_OR_SELL,2,658507.2741,1545066.3402,{},西班牙,阿根廷,2026-07-19T19:00:00.000Z,final_window,latest_before_kickoff,advance-home,0.5198939957143194,medium,dynamic,0.7214285714285715,1.165,1.104,1,1.3460410557184748
146923,dashboard-2026-07-19T18-29-47-246Z:schedule-760517,schedule-760517,over25,total,大于 2.5 球,0.3940452750251472,,0.88875,Polymarket,-0.49470472497485285,0.35904527502514716,1.1251758087201125,0.12517580872011247,-798.8764044943823,回避,AVOID_OR_SELL,0,0.0,0.0,{},西班牙,阿根廷,2026-07-19T19:00:00.000Z,final_window,latest_before_kickoff,advance-home,0.5198939957143194,medium,dynamic,0.7214285714285715,1.165,1.104,0,-1.0
146919,dashboard-2026-07-19T18-29-47-246Z:schedule-760517,schedule-760517,under25,total,小于 2.5 球,0.6059547249748528,,0.11125,Polymarket,0.4947047249748528,0.5659547249748528,8.98876404494382,7.988764044943821,798.876404494382,复盘降级观察,WATCH,1,2419.1609,21755.0447,{},西班牙,阿根廷,2026-07-19T19:00:00.000Z,final_window,latest_before_kickoff,advance-home,0.5198939957143194,medium,dynamic,0.7214285714285715,1.165,1.104,1,7.988764044943821
